,code,name,eps,eps_yoy,bvps,roe,epcf,net_profits,profits_yoy,distrib,report_date
0,600883,博闻科技,0.12,91.71,,4.2,,2729.92,91.87,10派0.4,04-13
1,002176,江特电机,0.19,35.71,,7.24,,28130.44,42.58,10派0.2,04-13
2,601086,国芳集团,0.22,22.22,,9.17,,12092.0,31.68,,04-13
3,002307,北新路桥,0.09,28.57,,2.81,,5059.81,26.02,10转6,04-13
4,000630,铜陵有色,0.05,150.0,,3.24,,54881.67,204.35,10派0.2,04-13
5,002590,万安科技,0.27,0.0,,7.2,,12781.75,0.83,10派0.3,04-13
6,300736,百华悦邦,0.97,-16.38,,20.45,,3963.52,-16.12,10派6.8,04-13
7,600127,金健米业,0.02,8.92,,1.46,,1096.6,8.76,,04-13
8,300064,豫金刚石,0.19,6.68,,3.43,,23094.6,67.88,10派0.21,04-13
9,601116,三江购物,0.26,7.47,,6.73,,10868.18,7.49,10派2,04-13
10,000966,长源电力,-0.11,-130.49,,-3.61,,-12155.97,-130.48,,04-13
11,600303,曙光股份,0.47,370.0,,10.68,,31603.3,420.74,10派1.47,04-13
12,300217,东方电热,0.07,81.94,,4.51,,8335.75,81.76,10派0.1,04-13
13,300458,全志科技,0.05,-94.57,,0.85,,1733.04,-88.35,10派0.25,04-13
14,600173,卧龙地产,0.43,290.12,,17.46,,31482.91,289.91,10派1,04-13
15,600628,新世界,0.69,53.33,,10.75,,44829.51,77.39,10派2.1,04-13
16,300638,广和通,0.58,-13.43,,14.56,,4385.74,8.77,,04-13
17,300731,科创新源,0.98,18.07,,28.53,,6421.16,18.81,,04-13
18,600789,鲁抗医药,0.2,300.0,,6.0,,11423.67,292.54,10派0.3,04-13
19,300202,聚龙股份,0.11,-80.7,,3.3,,5886.8,-81.11,10派1,04-13
20,300535,达威股份,0.87,-25.32,,8.07,,5175.42,-10.49,,04-13
21,603488,展鹏科技,0.38,-19.15,,11.45,,7118.64,-1.88,,04-13
22,603918,金桥信息,0.2,25.0,,6.99,,3483.69,20.66,10派0.6,04-13
23,002191,劲嘉股份,0.43,-1.97,,11.63,,57441.12,0.65,10派3,04-13
24,300577,开润股份,1.11,-33.93,,19.98,,13340.76,58.81,,04-13
25,600080,金花股份,0.18,95.86,,4.88,,5346.28,95.84,10派0.3,04-13
26,002850,科达利,1.24,-44.14,,8.29,,16601.57,-28.65,10派3转5,04-13
27,603696,安记食品,0.34,0.0,,5.81,,4123.73,1.08,10派1.25转4,04-13
28,600853,龙建股份,0.26,375.27,,15.65,,13928.71,375.27,10派0.1,04-13
29,002135,东南网架,0.12,100.0,,3.68,,10358.33,110.86,10派0.12,04-13
30,600992,贵绳股份,0.09,5.48,,1.62,,2218.49,5.47,10派0.3,04-13
31,601368,绿城水务,0.47,20.38,,11.95,,34905.12,20.38,10派1.43,04-13
32,603338,浙江鼎力,1.73,60.19,,22.14,,28314.55,62.0,10派4转4,04-13
33,300725,药石科技,1.19,72.46,,22.84,,6717.92,86.01,10派2转5,04-13
34,600644,乐山电力,0.08,-79.74,,3.44,,4285.63,-79.73,,04-13
35,603917,合力科技,0.95,1.52,,17.54,,8176.5,4.35,10派1.5转4,04-13
36,002158,汉钟精机,0.43,36.36,,10.63,,22693.01,36.33,10派2.2,04-13
37,002472,双环传动,0.36,28.57,,7.84,,24260.11,30.61,10派0.6,04-13
38,600513,联环药业,0.25,-13.79,,8.29,,7054.73,12.53,10派0.75,04-13
39,603380,易德龙,0.68,0.0,,21.12,,9558.78,18.01,,04-13
40,000505,京粮控股,0.2,17.65,,5.01,,12960.32,76.81,,04-13
41,300517,海波重科,0.34,-31.8,,5.7,,3491.75,-19.45,10派0.31,04-13
42,603393,新天然气,1.65,5.77,,14.29,,26369.74,29.67,,04-13
43,000027,深圳能源,0.19,-44.12,,3.39,,74933.82,-44.37,10派0.8,04-13
44,600318,新力金融,-0.64,-195.52,,-27.29,,-30872.21,-289.8,,04-13
45,002915,中欣氟材,0.54,38.46,,15.64,,4704.21,43.58,10派1.5,04-13
46,002702,海欣食品,-0.06,-222.73,,-3.55,,-2728.19,-308.71,,04-13
47,002168,深圳惠程,-0.14,-255.56,,-7.97,,-10760.76,-241.75,,04-13
48,601019,山东出版,0.74,27.59,,23.51,,136482.88,30.32,10派2.2,04-13
49,002300,太阳电缆,0.19,-33.61,,7.61,,10184.12,-34.44,10派1.8,04-13
50,300220,金运激光,-0.34,-729.4,,-16.02,,-4234.51,-728.82,,04-13
51,002103,广博股份,0.2,-23.08,,6.45,,11181.29,-6.43,10派0.3,04-13
52,300643,万通智控,0.19,-26.92,,10.39,,3533.78,-9.55,,04-13
53,600070,浙江富润,0.32,14.29,,7.25,,16615.77,65.09,10派1,04-13
54,300120,经纬电材,0.26,232.9,,7.0,,5597.38,256.99,10派2转3,04-13
55,601311,骆驼股份,0.57,-6.56,,9.37,,48302.28,-6.27,10派0.57,04-13
56,600477,杭萧钢构,0.56,29.4,,30.53,,76801.64,71.14,10派1.7送3,04-13
57,300368,汇金股份,-0.3,-461.83,,-16.57,,-16550.22,-461.86,,04-13
58,603199,九华旅游,0.75,11.94,,8.37,,8288.8,11.94,10派1.5,04-13
59,600167,联美控股,1.16,12.62,,17.84,,92212.38,31.93,10派2.6转10,04-13
60,600853,龙建股份,0.26,375.27,,15.65,,13928.71,375.27,10派0.1,04-13
61,002135,东南网架,0.12,100.0,,3.68,,10358.33,110.86,10派0.12,04-13
62,600992,贵绳股份,0.09,5.48,,1.62,,2218.49,5.47,10派0.3,04-13
63,601368,绿城水务,0.47,20.38,,11.95,,34905.12,20.38,10派1.43,04-13
64,600644,乐山电力,0.08,-79.74,,3.44,,4285.63,-79.73,,04-13
65,300623,捷捷微电,1.64,-1.2,,14.29,,14414.91,23.81,10派5转9,04-12
66,600079,人福医药,1.53,142.86,,17.43,,206871.96,148.52,10派1.6,04-12
67,600325,华发股份,0.77,-11.49,,12.65,,162037.63,59.11,10派3,04-12
68,600479,千金药业,0.6,39.02,,11.47,,20775.83,39.04,10派3转2,04-12
69,300541,先进数通,0.36,-40.98,,5.87,,4293.01,-27.86,,04-12
70,600848,上海临港,0.37,-7.5,,6.63,,40976.47,1.59,10派1.2,04-12
71,002489,浙江永强,0.04,33.33,,2.42,,7824.66,28.38,10派0.1,04-12
72,603268,松发股份,0.52,18.18,,7.77,,4574.72,16.97,10派1.6转4,04-12
73,000878,云南铜业,0.16,11.53,,4.06,,22746.91,11.82,,04-12
74,600677,航天通信,0.19,280.0,,3.11,,10026.51,294.46,10派0.7,04-12
75,000407,胜利股份,0.07,-120.0,,2.9,,6230.25,-121.29,,04-12
76,600505,西昌电力,0.11,-26.42,,3.94,,4123.07,-26.42,10派0.35,04-12
77,002653,海思科,0.22,-47.62,,11.2,,23755.32,-47.53,10派2.8,04-12
78,600512,腾达建设,0.09,28.57,,3.06,,14357.95,69.97,10派0.4,04-12
79,000859,国风塑业,0.08,228.23,,4.02,,6022.78,228.08,10派0.1,04-12
80,002085,万丰奥威,0.41,-22.64,,15.96,,90056.33,-5.99,10派3,04-12
81,600933,爱柯迪,0.65,-5.8,,22.06,,46552.77,-3.61,,04-12
82,002205,国统股份,0.14,19.25,,1.72,,1590.3,19.31,10派0.42,04-12
83,600409,三友化工,0.97,134.08,,22.31,,188907.71,147.63,10派2.75,04-12
84,300330,华虹计通,0.04,-123.53,,1.55,,594.91,-120.55,,04-12
85,000682,东方电子,0.06,6.22,,3.77,,6351.77,6.35,,04-12
86,002484,江海股份,0.23,-11.8,,6.26,,19002.86,27.5,10派0.8,04-12
87,000736,中交地产,2.08,5100.0,,21.27,,61716.52,5100.56,10派5.2送5,04-12
88,002635,安洁科技,0.61,-39.0,,9.72,,39148.01,1.13,10派1,04-12
89,002840,华统股份,0.68,-1.16,,10.78,,11845.45,28.5,,04-12
90,600800,天津磁卡,-0.1,-433.33,,-67.25,,-5952.19,-407.39,,04-12
91,603738,泰晶科技,0.57,-47.71,,11.46,,6453.96,9.57,10派2.3转4,04-12
92,600156,华升股份,-0.22,-1012.29,,-13.05,,-8656.95,-1013.23,,04-12
93,603838,四通股份,0.16,-27.27,,6.25,,4177.79,-30.16,,04-12
94,600864,哈投股份,0.17,-29.17,,2.64,,35819.35,4.57,10派1,04-12
95,300278,华昌达,0.11,-47.64,,3.83,,6099.66,-47.63,,04-12
96,000710,贝瑞基因,0.92,-3423.7,,18.49,,23274.96,-5660.29,,04-12
97,002560,通达股份,0.03,-85.0,,0.8,,1202.68,-85.63,10派0.2,04-12
98,300630,普利制药,0.86,13.16,,16.59,,9840.44,41.02,,04-12
99,603386,广东骏亚,0.4,0.0,,17.67,,6562.26,8.58,,04-12
100,002045,国光电器,0.31,121.43,,9.42,,13077.9,116.44,10派0.8,04-12
101,603869,北部湾旅,0.77,13.24,,7.48,,26956.12,58.44,10派2.5,04-12
102,000538,云南白药,3.02,7.86,,18.55,,314498.14,7.71,10派15,04-12
103,000617,中油资本,0.76,0.0,,9.97,,684254.04,23.61,10派2.28,04-12
104,603008,喜临门,0.74,21.31,,11.09,,28359.63,39.18,10派0.5,04-12
105,603131,上海沪工,0.34,-56.96,,10.79,,6844.02,-1.18,10派1.1,04-12
106,002734,利民股份,0.83,0.0,,8.21,,13732.36,21.53,10派5转7,04-12
107,002358,森源电气,0.48,23.08,,9.49,,44672.48,35.14,10派1.4,04-12
108,603499,翔港科技,0.58,-4.09,,14.56,,4583.2,1.24,,04-12
109,600388,龙净环保,0.68,9.68,,16.92,,72432.66,9.1,10派2.1,04-12
110,000655,*ST金岭,-0.53,-43.81,,-12.9,,-31629.35,-43.78,,04-12
111,603330,上海天洋,0.53,-55.46,,5.43,,3037.58,-43.33,,04-12
112,300662,科锐国际,0.47,2.17,,16.2,,7433.87,20.78,,04-12
113,600242,中昌数据,0.28,180.0,,7.63,,11857.33,250.09,,04-12
114,600312,平高电气,0.46,-50.03,,7.11,,63051.75,-48.31,10派1.4,04-12
115,300225,金力泰,0.1,-32.21,,5.39,,4735.49,-32.58,10派0.4,04-12
116,300308,中际旭创,0.5,900.0,,7.96,,16150.54,1506.36,10派0.38,04-12
117,300617,安靠智电,1.22,-15.7,,10.66,,7980.24,9.95,10派5转5,04-12
118,600054,黄山旅游,0.55,17.02,,10.14,,41406.05,17.6,10派2.4,04-12
119,600734,实达集团,0.3,-19.85,,6.67,,18670.85,1.61,,04-12
120,600242,中昌数据,0.28,180.0,,7.63,,11857.33,250.09,,04-12
121,603330,上海天洋,0.53,-55.46,,5.43,,3037.58,-43.33,10派2.58转3,04-12
122,600312,平高电气,0.46,-50.03,,7.11,,63051.75,-48.31,10派1.4,04-12
123,300225,金力泰,0.1,-32.21,,5.39,,4735.49,-32.58,10派0.4,04-12
124,300308,中际旭创,0.5,900.0,,7.96,,16150.54,1506.36,10派0.38,04-12
125,600054,黄山旅游,0.55,17.02,,10.14,,41406.05,17.6,10派2.4,04-12
126,600734,实达集团,0.3,-19.85,,6.67,,18670.85,1.61,,04-12
127,600075,新疆天业,0.55,-38.2,,13.14,,53901.82,10.16,10派0.5,04-12
128,600796,钱江生化,0.14,27.27,,6.63,,4101.11,24.91,10派0.3,04-12
129,300021,大禹节水,0.16,-20.08,,5.6,,9543.71,57.78,,04-12
130,000836,鑫茂科技,0.07,77.1,,4.88,,8412.75,77.31,10派0.3,04-12
131,300617,安靠智电,1.22,-15.7,,10.66,,7980.24,9.95,10派5转5,04-12
132,600909,华安证券,0.18,-14.29,,5.39,,64972.68,7.93,10派0.6,04-12
133,002371,北方华创,0.27,24.57,,3.87,,12561.02,35.21,10派0.28,04-12
134,300374,恒通科技,0.36,38.46,,8.3,,6993.35,39.26,10派1,04-12
135,000665,湖北广电,0.53,10.42,,5.86,,33528.55,10.56,10派0.8,04-12
136,600584,长电科技,0.28,180.0,,4.89,,34334.68,222.89,10派0.25,04-12
137,603365,水星家纺,1.25,26.26,,24.21,,25734.9,30.17,10派5,04-11
138,002361,神剑股份,0.14,-30.0,,6.46,,12443.6,-26.33,10派0.5,04-11
139,600506,香梨股份,0.03,-158.9,,1.85,,507.7,-158.86,,04-11
140,600838,上海九百,0.24,-46.79,,7.75,,9733.35,-46.79,10派0.73,04-11
141,002172,澳洋科技,0.21,-44.74,,12.2,,15465.86,-40.34,,04-11
142,600415,小商品城,0.27,42.11,,13.68,,145936.45,37.64,10派0.81,04-11
143,000780,*ST平能,0.48,-250.0,,11.13,,48379.79,-249.5,10派2,04-11
144,000070,特发信息,0.42,-32.17,,14.29,,26562.32,35.67,10派0.36,04-11
145,002388,新亚制程,0.14,366.67,,7.18,,6496.21,496.51,10派0.2,04-11
146,000929,兰州黄河,0.09,-164.69,,2.2,,1623.6,-164.7,,04-11
147,002926,华西证券,0.49,,,8.26,,101912.48,-2.11,10派0.38,04-11
148,603997,继峰股份,0.46,-22.03,,18.11,,29284.71,17.27,10派2.8,04-11
149,300572,安车检测,1.19,24.26,,14.99,,7904.8,61.21,,04-11
150,603387,基蛋生物,1.72,22.86,,28.7,,19398.84,40.21,,04-11
151,300673,佩蒂股份,1.56,16.42,,18.39,,10676.2,32.84,,04-11
152,600746,江苏索普,0.24,244.44,,15.96,,7503.17,244.46,10派1.2,04-11
153,600120,浙江东方,1.1,-16.03,,7.76,,71949.98,8.8,10派1.3转3,04-11
154,002128,露天煤业,1.07,114.0,,17.43,,175461.47,112.95,10派3,04-11
155,601177,杭齿前进,0.03,45.6,,0.66,,1061.08,45.35,10派0.2,04-11
156,002376,新北洋,0.45,21.62,,11.59,,28643.18,26.11,10派2,04-11
157,000811,冰轮环境,0.48,-30.43,,12.51,,31446.82,4.51,10派0.8,04-11
158,002494,华斯股份,-0.2,-600.0,,-3.86,,-7544.65,-600.8,,04-11
159,000609,中迪投资,0.46,2.22,,8.87,,13439.86,0.97,,04-11
160,300245,天玑科技,0.2,-9.09,,6.83,,5495.43,-4.88,10派0.7,04-11
161,600586,金晶科技,0.1,281.95,,3.53,,14449.03,281.99,10派0.6,04-11
162,603229,奥翔药业,0.37,-22.92,,12.43,,5301.15,-7.53,,04-11
163,600069,银鸽投资,0.04,-112.5,,2.71,,5558.92,-113.92,10转3,04-11
164,600256,广汇能源,0.13,218.53,,5.77,,65538.4,218.77,,04-11
165,600501,航天晨光,0.03,0.0,,0.53,,1171.31,-19.86,,04-11
166,002146,荣盛发展,1.32,38.95,,22.44,,576077.0,38.88,10派4.2,04-11
167,600321,*ST正源,-0.0,-200.0,,-0.17,,-456.1,-209.74,,04-11
168,600743,华远地产,0.35,9.38,,11.65,,81894.93,10.47,10派1,04-11
169,603868,飞科电器,1.92,31.51,,38.42,,83534.76,36.22,,04-11
170,000568,泸州老窖,1.8,30.76,,20.3,,255794.46,32.69,10派12.5,04-11
171,002433,太安堂,0.38,18.75,,6.09,,29039.86,19.34,,04-11
172,000691,亚太实业,-0.03,-814.29,,-10.93,,-860.06,-738.84,,04-11
173,601003,柳钢股份,1.03,1247.91,,44.7,,264617.63,1247.08,10派5,04-11
174,002690,美亚光电,0.54,17.88,,17.38,,36466.51,17.89,10派5,04-11
175,600023,浙能电力,0.32,-30.43,,7.24,,433446.05,-30.95,10派1.7,04-11
176,002800,天顺股份,0.55,3.77,,9.53,,4122.46,16.34,,04-11
177,600162,香江控股,0.24,-1.17,,11.59,,81659.8,18.3,10派1.6,04-11
178,603637,镇海股份,0.34,-56.96,,6.53,,4436.44,-26.44,,04-10
179,600122,宏图高科,0.53,35.06,,7.26,,60819.62,36.1,10派0.55,04-10
180,002354,天神娱乐,1.17,-37.21,,13.62,,101967.62,86.5,10派0.2,04-10
181,600375,华菱星马,0.1,-28.57,,2.05,,5585.45,-26.07,,04-10
182,002381,双箭股份,0.26,100.0,,6.79,,11251.55,108.73,10派1,04-10
183,002626,金达威,0.77,50.98,,20.26,,47405.06,58.14,10派4,04-10
184,603466,风语筑,1.46,40.38,,22.2,,16615.68,47.57,10派8转10,04-10
185,001965,招商公路,0.6,-10.19,,8.64,,336819.5,14.62,10派2.19,04-10
186,300057,万顺股份,0.18,5.17,,3.38,,7961.97,5.19,10派0.5,04-10
187,600290,华仪电气,0.08,-233.33,,1.45,,5982.65,-223.55,10派0.2,04-10
188,600352,浙江龙盛,0.76,21.92,,15.24,,247379.48,21.92,10派2.5,04-10
189,300271,华宇软件,0.58,34.88,,16.33,,38116.61,40.29,10派0.5,04-10
190,300314,戴维医疗,0.16,-27.27,,6.17,,4703.32,-24.34,10派0.5,04-10
191,300443,金雷风电,0.63,-65.31,,9.63,,15027.75,-28.4,,04-10
192,603516,淳中科技,1.3,11.11,,35.01,,9092.78,11.79,,04-10
193,002846,英联股份,0.24,-61.29,,9.03,,4540.18,-18.08,,04-10
194,600868,梅雁吉祥,0.06,70.75,,5.15,,11636.0,70.6,10派0.2,04-10
195,300241,瑞丰光电,0.53,132.98,,12.32,,13418.64,168.35,10派0.5转10,04-10
196,300284,苏交科,0.82,20.22,,13.93,,46386.13,22.32,10派1.6转4,04-10
197,000561,烽火电子,0.12,-20.0,,5.77,,6970.38,-21.01,,04-10
198,300325,德威新材,0.02,-75.0,,1.35,,2508.16,-67.61,10派0.05,04-10
199,600557,康缘药业,0.61,0.0,,11.29,,37378.27,0.01,10派0.6,04-10
200,603318,派思股份,0.15,150.0,,10.28,,5486.3,134.2,10派0.15,04-10
201,002811,亚泰国际,0.6,9.09,,8.51,,10775.78,33.16,10派2,04-10
202,603708,家家悦,0.66,-29.03,,13.07,,31074.03,23.68,10派4,04-10
203,002087,新野纺织,0.36,31.46,,9.43,,29217.84,40.84,10派0.4,04-10
204,000059,华锦股份,1.15,1.77,,15.87,,184527.97,2.33,,04-10
205,300556,丝路视觉,0.21,-34.38,,5.77,,2355.4,-12.99,10派0.5,04-10
206,300589,江龙船艇,0.32,-44.6,,18.71,,3500.85,-4.98,,04-10
207,000632,三木集团,0.05,48.03,,1.95,,2454.87,48.11,,04-10
208,002683,宏大爆破,0.23,155.56,,5.56,,16263.74,159.67,10派1,04-10
209,600866,星湖科技,-0.25,-750.4,,-15.93,,-15827.32,-751.16,,04-10
210,300212,易华录,0.54,42.53,,7.65,,20111.84,42.53,10派1.5转2,04-10
211,002395,双象股份,0.07,-63.18,,1.39,,1308.95,-63.18,,04-10
212,300371,汇中股份,0.54,23.29,,11.39,,6524.11,23.28,10派1.5,04-10
213,603036,如通股份,0.18,-58.14,,3.76,,3621.87,-45.29,,04-10
214,300498,温氏股份,1.29,-52.28,,21.65,,675111.9,-42.74,10派4,04-10
215,002664,长鹰信质,0.64,10.34,,14.12,,25582.47,10.77,10派0.65,04-10
216,002025,航天电器,0.73,19.67,,13.81,,31139.22,19.28,10派2.5,04-10
217,603955,大千生态,0.96,-10.03,,8.26,,7834.15,12.46,10派1转3,04-10
218,002255,海陆重工,0.16,29.75,,4.11,,9710.44,28.87,,04-10
219,002359,北讯集团,0.21,-284.85,,5.04,,21763.13,-549.51,,04-10
220,600379,宝光股份,0.15,-0.26,,7.44,,3604.12,-0.29,10派0.25,04-10
221,300263,隆华节能,0.05,201.73,,1.89,,4601.49,201.75,10派0.1,04-10
222,000826,启迪桑德,1.27,1.52,,11.01,,125115.22,15.7,10派4转4,04-10
223,603369,今世缘,0.71,18.78,,18.11,,89587.69,18.79,10派2.5,04-10
224,600019,宝钢股份,0.86,56.36,,12.24,,1917033.76,113.82,10派4.5,04-10
225,603501,韦尔股份,0.34,-10.53,,13.39,,13715.63,-3.2,10派0.45,04-10
226,600230,沧州大化,4.36,245.78,,60.35,,128304.24,245.77,10派5转4,04-10
227,000526,*ST紫学,0.25,-124.71,,41.11,,2438.09,-124.71,,04-10
228,002508,老板电器,1.54,-7.78,,31.66,,146121.35,21.08,10派7.5,04-10
229,002436,兴森科技,0.11,-15.38,,6.85,,16474.87,-14.46,10派0.3,04-10
230,603058,永吉股份,0.22,0.09,,11.46,,9382.1,0.09,10派0.6,04-10
231,000778,新兴铸管,0.28,130.05,,5.73,,109303.18,148.29,10派1.5,04-10
232,000586,汇源通信,0.0,-80.0,,0.34,,81.49,-73.01,,04-10
233,603289,泰瑞机器,0.52,8.33,,15.11,,8351.42,13.41,,04-10
234,300595,欧普康视,1.26,-43.75,,21.4,,15085.87,32.29,,04-10
235,603356,华菱精工,0.6,-6.25,,18.9,,5968.1,-6.62,,04-10
236,600715,文投控股,0.25,-30.56,,7.4,,43394.36,-27.81,10派0.71,04-10
237,002031,巨轮智能,0.03,102.8,,2.14,,6370.18,101.93,10派0.01,04-10
238,603737,三棵树,1.76,18.12,,16.72,,17597.46,31.66,10派5.5转3,04-10
239,603909,合诚股份,0.62,-5.87,,10.33,,6223.0,7.58,,04-10
240,300341,麦迪电气,0.26,14.5,,12.27,,13032.42,14.65,10派0.55,04-10
241,600596,新安股份,0.77,573.82,,12.51,,53273.54,586.87,10派2,04-10
242,603161,科华控股,1.07,7.0,,17.5,,10656.8,6.21,,04-10
243,300558,贝达药业,0.64,-36.63,,12.98,,25772.74,-30.12,10派1.5,04-10
244,603598,引力传媒,0.25,108.33,,10.64,,6673.63,102.04,10派0.5,04-10
245,603823,百合花,0.59,-22.37,,10.92,,13298.41,-4.54,10派1.8,04-10
246,601515,东风股份,0.59,15.69,,17.5,,65209.42,15.06,,04-10
247,300316,晶盛机电,0.39,69.57,,11.33,,38664.25,89.76,10派1转3,04-10
248,000881,中广核技,0.37,-43.43,,7.42,,38886.16,24.67,10派0.37,04-10
249,300627,华测导航,1.16,1.32,,20.79,,12910.65,26.45,,04-10
250,000158,常山北明,0.21,-25.0,,6.05,,35509.5,1.48,10派0.5,04-10
251,603637,镇海股份,0.34,-56.96,,6.53,,4436.44,-26.44,,04-10
252,600122,宏图高科,0.53,35.06,,7.26,,60819.62,36.1,10派0.55,04-10
253,002354,天神娱乐,1.17,-37.21,,13.62,,101967.62,86.5,10派0.2,04-10
254,600375,华菱星马,0.1,-28.57,,2.05,,5585.45,-26.07,,04-10
255,002381,双箭股份,0.26,100.0,,6.79,,11251.55,108.73,10派1,04-10
256,002626,金达威,0.77,50.98,,20.26,,47405.06,58.14,10派4,04-10
257,300616,尚品宅配,3.71,17.78,,18.0,,38004.5,48.74,10派10转8,04-09
258,300683,海特生物,1.65,-18.72,,13.77,,14238.96,-9.34,10派3,04-09
259,300238,冠昊生物,0.22,-15.38,,3.98,,5747.52,-12.08,10派0.5,04-09
260,002890,弘宇股份,0.7,-7.89,,10.45,,4010.26,6.17,,04-09
261,603822,嘉澳环保,0.7,8.97,,7.83,,5098.63,18.88,10派2.14,04-05
262,601179,中国西电,0.18,-20.45,,4.71,,89863.06,-20.33,10派0.53,04-05
263,300196,长海股份,0.48,-63.08,,8.65,,20194.05,-21.62,10派1,04-05
264,300539,横河模具,0.15,-68.09,,8.62,,3147.14,-16.16,,04-05
265,300552,万集科技,0.35,-57.32,,5.08,,3790.33,-45.34,10派0.7,04-05
266,300493,润欣科技,0.18,-56.1,,11.26,,5441.48,10.34,,04-05
267,300140,中环装备,0.22,-15.81,,5.9,,7597.86,-15.74,10派0.5,04-05
268,002029,七匹狼,0.42,20.0,,5.96,,31657.92,18.48,10派1,04-04
269,000702,正虹科技,0.06,694.74,,3.47,,1611.33,695.92,,04-04
270,002758,华通医药,0.2,-31.03,,7.55,,4206.38,4.75,10派0.8,04-04
271,603766,隆鑫通用,0.46,-55.77,,15.89,,96455.09,11.43,10派3.3,04-04
272,002338,奥普光电,0.16,-63.64,,5.02,,3846.83,-26.89,10派0.3,04-04
273,603005,晶方科技,0.42,82.61,,5.56,,9569.17,81.39,10派0.85,04-04
274,000981,银亿股份,0.4,100.0,,9.58,,160129.33,211.61,10派7,04-04
275,002051,中工国际,1.33,-3.62,,19.24,,148407.04,15.98,10派3.5,04-04
276,002353,杰瑞股份,0.07,-46.15,,0.86,,6778.96,-43.82,10派1.2,04-04
277,601366,利群股份,0.49,-7.55,,10.18,,39453.06,9.03,10派2,04-04
278,002313,日海通讯,0.33,50.0,,5.11,,10202.08,51.22,10派0.35,04-04
279,300441,鲍斯股份,0.42,100.0,,11.42,,15097.17,113.81,10派1转8,04-04
280,002537,海联金汇,0.33,-45.0,,6.11,,41394.58,77.72,10派0.5,04-04
281,002638,勤上股份,0.06,-113.83,,1.64,,8419.67,-119.7,,04-04
282,300598,诚迈科技,0.49,-41.67,,9.36,,3937.58,-22.12,,04-04
283,600901,江苏租赁,0.43,,2.66,17.46,,101062.91,22.92,10派1.2,04-04
284,300121,阳谷华泰,0.72,28.57,,27.16,,20354.13,29.83,10派3,04-04
285,300164,通源石油,0.1,100.4,,2.85,,4412.33,100.79,10派0.2,04-04
286,002518,科士达,0.64,-4.48,,17.72,,37143.94,25.55,10派2,04-04
287,002900,哈三联,1.06,-4.5,,16.78,,18107.55,3.36,10派5转5,04-04
288,000540,中天金融,0.45,-29.64,,13.5,,208154.94,-29.18,10派0.5转5,04-04
289,600563,法拉电子,1.88,8.67,,19.56,,42358.08,8.73,10派12,04-04
290,300466,赛摩电气,0.05,-76.19,,2.15,,2555.4,-54.74,10派0.1,04-04
291,600792,云煤能源,-0.05,-200.0,,-1.65,,-4863.87,-200.2,,04-04
292,002312,*ST三泰,0.22,-123.16,,9.26,,30239.62,-123.19,,04-04
293,600693,东百集团,0.28,144.8,,12.14,,24741.22,144.85,10派1,04-04
294,002803,吉宏股份,0.69,60.47,,17.04,,8003.43,86.14,,04-04
295,600084,中葡股份,-0.08,-807.96,,-3.76,,-8988.02,-806.32,,04-04
296,300218,安利股份,-0.08,-128.55,,-1.69,,-1666.29,-128.54,,04-04
297,002578,闽发铝业,0.04,0.0,,2.61,,3833.04,116.89,10派0.2,04-04
298,002099,海翔药业,0.22,46.67,,6.9,,34221.72,52.08,10派1,04-04
299,000547,航天发展,0.19,11.76,,5.09,,27612.58,13.16,,04-04
300,300087,荃银高科,0.15,50.0,,8.5,,6246.19,103.61,10派1,04-04
301,002731,萃华珠宝,0.42,7.69,,5.42,,6256.12,7.45,10派0.5,04-04
302,000510,金路集团,0.11,16.26,,8.06,,6752.36,16.27,10派0.4,04-04
303,002587,奥拓电子,0.22,-4.35,,12.32,,13201.41,53.0,10派1,04-04
304,002062,宏润建设,0.25,19.05,,10.33,,27195.23,16.72,10派0.5,04-04
305,002320,海峡股份,0.45,21.62,,6.57,,22779.03,45.21,10派2转3,04-04
306,002760,凤形股份,-0.97,-908.33,,-16.17,,-8509.57,-931.84,,04-04
307,300074,华平股份,0.06,-52.28,,2.95,,3432.03,-51.47,,04-04
308,002474,榕基软件,0.05,32.08,,2.31,,3276.32,31.87,10派0.1,04-04
309,300420,五洋停车,0.16,-46.67,,6.49,,7756.69,6.71,10派0.6转4,04-04
310,002451,摩恩电气,0.13,550.0,,8.92,,5922.62,580.57,,04-04
311,002029,七匹狼,0.42,20.0,,5.96,,31657.92,18.48,10派1,04-04
312,000702,正虹科技,0.06,694.74,,3.47,,1611.33,695.92,,04-04
313,600768,宁波富邦,0.53,286.86,,70.86,,7065.41,285.8,,04-03
314,002118,紫鑫药业,0.29,123.08,,9.46,,37157.74,127.73,,04-03
315,300073,当升科技,0.68,25.97,,17.22,,25017.43,151.97,10派1.3,04-03
316,300172,中电环保,0.23,4.55,,10.26,,11816.16,8.36,10派0.5,04-03
317,600066,宇通客车,1.41,-22.95,,22.15,,312919.39,-22.62,10派5,04-03
318,300334,津膜科技,-0.24,-239.78,,-5.16,,-6656.74,-240.45,,04-03
319,000723,美锦能源,0.26,-13.33,,14.3,,106493.04,56.69,,04-03
320,002738,中矿资源,0.28,-0.14,,8.21,,5479.16,2.59,10派0.5,04-03
321,300685,艾德生物,1.38,23.21,,20.54,,9406.58,40.33,,04-03
322,603659,璞泰来,1.19,23.96,,32.45,,45086.58,27.47,,04-03
323,300056,三维丝,0.11,-81.67,,3.1,,4210.86,-80.91,,04-03
324,002360,同德化工,0.25,18.32,,9.42,,9612.92,16.18,10派1.5,04-03
325,600380,健康元,1.36,372.11,,33.73,,213304.04,372.52,10派1.8,04-03
326,300400,劲拓股份,0.33,-22.16,,17.43,,8033.68,54.17,,04-03
327,300620,光库科技,0.73,-3.26,,15.3,,5993.27,20.92,,04-03
328,600021,上海电力,0.39,-10.09,,6.98,,92802.39,1.26,10派2,04-03
329,603608,天创时尚,0.48,9.09,,12.0,,18793.84,60.25,10派2.5,04-03
330,002009,天奇股份,0.23,-17.86,,4.34,,8476.64,-18.45,10派0.5,04-03
331,002887,绿茵生态,2.61,-9.06,,16.11,,17835.49,3.75,,04-03
332,601011,宝泰隆,0.11,57.14,,3.35,,16170.42,73.24,10派0.5,04-03
333,000528,柳工,0.29,555.25,,3.6,,32293.0,555.56,10派1.5,04-03
334,002601,龙蟒佰利,1.25,190.7,,19.14,,250241.4,466.02,10派5.5,04-03
335,600695,绿庭投资,0.07,-10.19,,6.37,,4763.88,-10.23,,04-03
336,002765,蓝黛传动,0.3,-51.61,,11.18,,12557.1,-2.38,10派0.5,04-03
337,000572,海马汽车,-0.6,-531.86,,-14.15,,-99435.91,-531.9,,04-03
338,603010,万盛股份,0.36,-38.98,,8.54,,9106.98,-39.09,10派1.1,04-03
339,002583,海能达,0.14,-44.0,,5.0,,24486.29,-39.06,10派0.25,04-03
340,603444,吉比特,8.53,-22.24,,29.58,,60971.27,4.14,10派26,04-03
341,600128,弘业股份,0.05,-46.39,,0.88,,1226.4,-46.39,10派0.5,04-03
342,300227,光韵达,0.42,256.23,,10.52,,6137.92,279.22,10派0.6转5,04-03
343,300310,宜通世纪,0.27,-30.77,,7.58,,23132.62,35.49,10派0.51,04-03
344,000697,炼石有色,0.1,-252.06,,3.96,,5789.32,-252.2,,04-03
345,603026,石大胜华,0.92,9.52,,12.04,,18643.27,9.34,10派6,04-03
346,002593,日上集团,0.1,0.0,,3.71,,6784.81,-1.45,10派0.5,04-03
347,600598,北大荒,0.44,6.04,,13.27,,77998.53,6.11,10派2.7,04-03
348,300529,健帆生物,0.69,32.69,,22.21,,28441.4,40.72,10派3.5,04-03
349,603912,佳力图,0.7,29.63,,23.36,,8226.46,40.75,10派2.5转4,04-03
350,300066,三川智慧,0.08,-40.81,,5.32,,7909.36,-40.79,10派0.2,04-03
351,601126,四方股份,0.29,-19.44,,6.14,,23801.19,-19.57,10派1.78,04-03
352,600391,航发科技,0.14,7.69,,2.66,,4687.39,10.16,10派0.3,04-03
353,300538,同益股份,0.33,-45.0,,4.71,,1843.56,-33.95,,04-03
354,000902,新洋丰,0.52,20.93,,12.56,,68015.07,20.79,10派2,04-03
355,600063,皖维高新,0.05,-28.57,,1.92,,8525.35,-22.64,10派0.15,04-03
356,600782,新钢股份,1.09,503.88,,29.86,,311062.22,518.51,10派0.9,04-03
357,600243,青海华鼎,0.05,-133.33,,1.2,,2095.89,-131.73,10派0.15,04-03
358,300424,航新科技,0.28,-37.78,,7.49,,6669.66,11.42,,04-03
359,603429,集友股份,0.84,-18.55,,22.33,,9915.5,87.78,,04-03
360,300538,同益股份,0.33,-45.0,,4.71,,1843.56,-33.95,,04-03
361,600063,皖维高新,0.05,-28.57,,1.92,,8525.35,-22.64,10派0.15,04-03
362,600782,新钢股份,1.09,503.88,,29.86,,311062.22,518.51,10派0.9,04-03
363,600243,青海华鼎,0.05,-133.33,,1.2,,2095.89,-131.73,10派0.15,04-03
364,300424,航新科技,0.28,-37.78,,7.49,,6669.66,11.42,,04-03
365,000902,新洋丰,0.52,20.93,,12.56,,68015.07,20.79,10派2,04-03
366,603429,集友股份,0.84,-18.55,,22.33,,9915.5,87.78,,04-03
367,002058,威尔泰,0.02,-51.0,,1.5,,281.64,-46.29,10派0.1,04-03
368,603811,诚意药业,0.87,-18.69,,13.62,,6923.84,1.57,10派4.2,04-03
369,300106,西部牧业,-1.74,569.23,,-45.8,,-36702.11,602.91,,04-03
370,000025,特力A,0.22,145.79,,7.2,,6686.28,145.88,,04-03
371,002535,林州重机,0.04,100.0,,1.14,,3506.81,137.74,,04-03
372,300699,光威复材,0.77,6.94,,12.85,,23719.85,18.99,,04-03
373,603602,纵横通信,0.9,0.0,,13.75,,5994.69,11.62,10派1.5转4,04-03
374,600763,通策医疗,0.68,61.9,,23.39,,21657.47,59.05,10派0.3,04-03
375,300154,瑞凌股份,0.19,18.75,,5.52,,8578.69,17.11,10派2,04-03
376,002851,麦格米特,0.69,-16.51,,10.06,,11705.33,6.73,10派1.5转5,04-03
377,002083,孚日股份,0.45,7.14,,12.63,,41020.32,8.47,10派3,04-03
378,000430,张家界,0.19,0.0,,6.48,,6736.22,10.15,,04-03
379,603559,中通国脉,0.21,-66.51,,5.31,,2784.98,-34.53,,04-03
380,600855,航天长峰,0.03,-82.14,,1.16,,1031.7,-82.13,,04-03
381,002174,游族网络,0.76,11.76,,21.12,,65589.05,11.57,10派0.75,04-03
382,300192,科斯伍德,0.02,-86.67,,1.0,,576.48,-83.99,,04-03
383,300430,诚益通,0.52,-5.45,,7.3,,8960.14,66.74,,04-03
384,002630,华西能源,0.26,-6.05,,6.06,,19270.42,-6.03,10派0.3转6,04-03
385,300150,世纪瑞尔,0.09,-47.06,,2.89,,4674.56,-48.51,10派1,04-03
386,000090,天健集团,0.5,34.74,,9.35,,60162.12,34.74,10派2转2,04-03
387,600469,风神股份,-0.85,-666.67,,-21.78,,-47499.32,-661.78,,04-03
388,300492,山鼎设计,0.25,4.17,,6.74,,2061.31,2.27,,04-03
389,300568,星源材质,0.56,-66.67,,8.62,,10679.17,-31.29,,04-03
390,603383,顶点软件,1.35,20.54,,13.86,,10190.83,44.59,,04-03
391,002398,建研集团,0.56,14.29,,8.66,,19109.13,14.23,10派2转10,04-03
392,600558,大西洋,0.05,5.66,,2.52,,4695.53,5.65,10派0.2,04-03
393,600161,天坛生物,1.76,245.1,,41.52,,117994.27,350.74,10派2送3,04-02
394,603060,国检集团,0.66,-3.97,,14.79,,14422.42,24.57,10派2,04-02
395,002059,云南旅游,0.1,7.11,,4.71,,7154.52,7.11,10派0.1,04-02
396,002460,赣锋锂业,1.98,222.19,,46.37,,146907.81,216.36,10派4转5,04-02
397,002797,第一创业,0.12,-55.56,,4.85,,42285.11,-24.73,10派0.2,04-02
398,002858,力盛赛车,0.69,0.0,,11.73,,4073.66,24.68,,04-02
399,603032,德新交运,0.2,-60.78,,6.34,,2710.13,-46.61,,04-02
400,603385,惠达卫浴,0.85,-14.14,,8.48,,22662.78,7.84,10派3转3,04-02
401,603776,永安行,6.46,298.77,,52.0,,51644.91,343.85,,04-02
402,300547,川环科技,1.9,9.2,,17.53,,11427.61,35.51,10派10转10,04-02
403,603126,中材节能,0.22,2.16,,8.69,,13311.71,2.2,10派0.7,04-02
404,002019,亿帆医药,1.15,79.69,,27.87,,130510.35,85.18,10派1,03-31
405,300044,赛为智能,0.49,63.47,,13.94,,18192.03,80.44,10派0.5转8,03-31
406,300190,维尔利,0.32,33.33,,4.27,,13870.31,49.54,10派1转8,03-31
407,300223,北京君正,0.04,-8.02,,0.59,,650.11,-7.81,10派0.2转2,03-31
408,300305,裕兴股份,0.24,-4.24,,4.84,,6895.82,-4.55,10派0.57,03-31
409,600667,太极实业,0.2,42.86,,7.11,,41779.0,79.68,10派1,03-31
410,600713,南京医药,0.27,32.84,,8.83,,23927.15,32.73,10派0.9,03-31
411,600073,上海梅林,0.3,11.11,,8.21,,28039.49,9.32,10派0.3,03-31
412,600760,中航沈飞,0.51,537.5,,13.67,,70677.61,2445.55,,03-31
413,002061,浙江交科,0.87,625.0,,26.4,,110680.66,1569.9,10派1,03-31
414,600135,乐凯胶片,0.16,43.97,,3.53,,5923.8,43.98,10派0.48,03-31
415,300019,硅宝科技,0.16,-43.13,,7.1,,5200.52,-42.63,10派1,03-31
416,603901,永创智能,0.16,-27.27,,7.17,,6584.83,-25.74,,03-31
417,600222,太龙药业,0.01,27.14,,0.34,,512.72,27.68,10派0.1,03-31
418,000089,深圳机场,0.32,17.57,,6.05,,66136.17,17.59,10派1.1,03-31
419,002314,南山控股,0.34,21.43,,11.1,,64185.7,21.8,,03-31
420,300252,金信诺,0.29,-38.3,,5.81,,13012.35,-33.42,10派0.6转3,03-31
421,002408,齐翔腾达,0.48,71.43,,13.61,,84961.2,69.07,10派1.2,03-31
422,000623,吉林敖东,1.6,-15.34,,9.59,,186347.14,11.82,10派3,03-31
423,601933,永辉超市,0.19,35.71,,9.32,,181679.41,46.28,10派1.5,03-31
424,002532,新界泵业,0.25,-30.56,,9.56,,12970.97,11.2,10派2,03-31
425,603156,养元饮品,4.67,-15.72,,38.77,,230987.87,-15.72,10派26送4,03-31
426,603363,傲农生物,0.29,16.0,,18.52,,10811.89,18.32,,03-31
427,600757,长江传媒,0.51,4.08,,10.5,,61336.58,3.58,10派1,03-31
428,600131,岷江水电,0.16,-51.52,,7.46,,8002.24,-51.23,10派0.5,03-31
429,002106,莱宝高科,0.2,-33.33,,3.82,,14090.45,-33.46,10派1,03-31
430,002140,东华科技,-0.14,-177.78,,-3.16,,-6313.58,-177.18,,03-31
431,300110,华仁药业,0.04,9.09,,2.54,,3753.5,56.75,10派0.2,03-31
432,600966,博汇纸业,0.64,325.23,,18.87,,85613.6,325.26,,03-31
433,300147,香雪制药,0.1,0.0,,1.92,,6593.92,-0.13,10派0.3,03-31
434,601000,唐山港,0.32,-3.03,,10.33,,146334.0,10.84,10派0.8送3,03-31
435,600350,山东高速,0.55,-14.33,,10.29,,264418.2,-14.41,10派1.78,03-31
436,000516,国际医学,0.1,0.0,,5.57,,19839.08,-1.59,,03-31
437,600466,蓝光发展,0.57,39.84,,12.81,,136595.04,52.49,10派1转4,03-31
438,603313,梦百合,0.65,-36.89,,9.9,,15584.86,-22.23,,03-31
439,603377,东方时尚,0.56,-6.67,,14.03,,23494.58,-4.47,10派3转4,03-31
440,002798,帝王洁具,0.63,-3.08,,8.85,,5452.51,7.69,,03-31
441,600078,澄星股份,0.09,-1.1,,3.17,,5883.02,-2.06,10派0.3,03-31
442,002152,广电运通,0.37,-31.48,,10.29,,89948.5,6.58,10派2,03-31
443,002187,广百股份,0.51,10.87,,6.7,,17387.25,10.29,10派3,03-31
444,002285,世联行,0.49,32.43,,21.85,,100388.35,34.35,10派0.8,03-31
445,601128,常熟银行,0.57,11.76,,12.52,,126429.5,21.51,10派1.8,03-31
446,601558,ST锐电,0.02,-103.92,,9.27,,11479.62,-103.7,,03-31
447,300324,旋极信息,0.34,-9.1,,7.78,,38929.22,3.18,10派0.7转5,03-31
448,002471,中超控股,0.07,-25.25,,4.52,,8371.84,-25.22,10派0.1,03-31
449,002561,徐家汇,0.57,-1.72,,11.34,,23719.4,-1.77,10派3.6,03-31
450,000800,一汽轿车,0.17,-129.47,,3.59,,28123.68,-129.47,10派0.2,03-31
451,002725,跃岭股份,0.1,-64.29,,1.76,,1592.94,-64.84,,03-31
452,300633,开立医疗,0.49,36.11,,20.26,,19002.31,47.39,,03-31
453,000978,桂林旅游,0.15,600.0,,3.56,,5294.17,616.61,10派0.7,03-31
454,300719,安达维尔,0.69,-5.32,,18.57,,8979.44,-1.52,,03-31
455,002016,世荣兆业,1.13,875.28,,44.17,,91298.16,875.09,10派7.2,03-31
456,600085,同仁堂,0.74,9.12,,12.55,,101738.15,9.02,10派2.5,03-31
457,603788,宁波高发,1.59,40.71,,19.52,,23300.58,48.28,,03-31
458,600846,同济科技,0.41,40.45,,12.72,,25505.95,40.44,10派1.3,03-31
459,600248,延长化建,0.22,9.23,,6.75,,13414.5,9.22,10派0.5,03-31
460,000333,美的集团,2.66,16.16,,25.88,,1728368.9,17.7,10派12,03-31
461,600455,博通股份,0.07,-143.75,,3.48,,439.45,-143.99,,03-31
462,600493,凤竹纺织,0.09,-55.98,,3.59,,2482.78,-56.0,10派0.3,03-31
463,000722,湖南发展,0.19,-36.67,,3.24,,8900.81,-36.65,10派0.5,03-31
464,603357,设计总院,1.04,30.0,,23.59,,28883.44,47.54,10派2.7,03-31
465,000958,东方能源,0.08,-84.31,,2.58,,6769.96,-76.05,10派0.5,03-31
466,603725,天安新材,0.45,-30.77,,10.22,,5531.35,-23.05,10派1.2,03-31
467,603817,海峡环保,0.23,-20.52,,7.58,,9939.99,3.01,,03-31
468,300107,建新股份,0.16,279.29,,9.22,,8707.57,282.7,10派1.5,03-31
469,300194,福安药业,0.24,-64.71,,7.02,,28481.47,28.32,10派1,03-31
470,000404,华意压缩,0.15,-66.28,,3.41,,9712.36,-61.5,10派0.26,03-31
471,002385,大北农,0.31,40.91,,13.16,,126521.19,43.34,10派0.8,03-31
472,000590,启迪古汉,0.08,-66.65,,4.42,,1917.38,-65.25,,03-31
473,300437,清水源,0.52,125.96,,9.47,,11325.89,150.37,,03-31
474,000890,法尔胜,0.38,2.7,,17.92,,14313.67,1.27,,03-31
475,600684,珠江实业,0.42,-10.64,,13.16,,35978.32,7.99,10派0.5,03-31
476,000969,安泰科技,0.06,-26.78,,1.3,,5916.97,-25.13,10派0.3,03-31
477,002032,苏泊尔,1.6,-6.48,,26.87,,130760.66,21.35,10派7.2,03-31
478,002116,中国海诚,0.48,45.45,,16.2,,20069.38,49.47,10派2.2,03-31
479,002148,北纬科技,0.24,-22.58,,11.42,,12966.22,64.48,10派0.8,03-31
480,600248,延长化建,0.22,9.23,,6.75,,13414.5,9.22,10派0.5,03-31
481,000333,美的集团,2.66,16.16,,25.88,,1728368.9,17.7,10派12,03-31
482,600455,博通股份,0.07,-143.75,,3.48,,439.45,-143.99,,03-31
483,600493,凤竹纺织,0.09,-55.98,,3.59,,2482.78,-56.0,10派0.3,03-31
484,000722,湖南发展,0.19,-36.67,,3.24,,8900.81,-36.65,10派0.5,03-31
485,000958,东方能源,0.08,-84.31,,2.58,,6769.96,-76.05,10派0.5,03-31
486,603725,天安新材,0.45,-30.77,,10.22,,5531.35,-23.05,10派1.2,03-31
487,603817,海峡环保,0.23,-20.52,,7.58,,9939.99,3.01,,03-31
488,300107,建新股份,0.16,279.29,,9.22,,8707.57,282.7,10派1.5,03-31
489,300194,福安药业,0.24,-64.71,,7.02,,28481.47,28.32,10派1,03-31
490,000404,华意压缩,0.15,-66.28,,3.41,,9712.36,-61.5,10派0.26,03-31
491,002385,大北农,0.31,40.91,,13.16,,126521.19,43.34,10派0.8,03-31
492,000590,启迪古汉,0.08,-66.65,,4.42,,1917.38,-65.25,,03-31
493,300437,清水源,0.52,125.96,,9.47,,11325.89,150.37,10派1.1,03-31
494,603357,设计总院,1.04,30.0,,23.59,,28883.44,47.54,10派2.7,03-31
495,000969,安泰科技,0.06,-26.78,,1.3,,5916.97,-25.13,10派0.3,03-31
496,002032,苏泊尔,1.6,-6.48,,26.87,,130760.66,21.35,10派7.2,03-31
497,002116,中国海诚,0.48,45.45,,16.2,,20069.38,49.47,10派2.2,03-31
498,002148,北纬科技,0.24,-22.58,,11.42,,12966.22,64.48,10派0.8,03-31
499,002365,永安药业,0.71,113.15,,9.92,,13315.07,113.74,10派1转5,03-31
500,002598,山东章鼓,0.22,24.47,,9.17,,6951.04,24.43,,03-31
501,000890,法尔胜,0.38,2.7,,17.92,,14313.67,1.27,,03-31
502,600684,珠江实业,0.42,-10.64,,13.16,,35978.32,7.99,10派0.5,03-31
503,002762,金发拉比,0.45,25.0,,9.92,,9156.71,25.86,10派1.5,03-31
504,600812,华北制药,0.01,-63.64,,0.35,,1875.97,-65.52,10派0.1,03-31
505,603928,兴业股份,0.67,-1.47,,12.48,,13549.31,31.3,,03-31
506,600329,中新药业,0.62,12.73,,11.05,,47607.98,12.7,10派2,03-31
507,600369,西南证券,0.12,-25.0,,3.49,,66880.02,-27.11,10派0.5,03-31
508,600561,江西长运,0.09,-121.95,,1.45,,2035.14,-120.84,10派0.3,03-31
509,300639,凯普生物,1.13,0.0,,11.83,,9321.0,22.49,,03-31
510,603578,三星新材,0.66,-8.33,,12.82,,5535.75,16.04,,03-31
511,000993,闽东电力,0.06,-14.29,,1.37,,2258.89,-14.21,,03-31
512,002024,苏宁易购,0.45,462.5,,5.76,,421251.6,498.02,10派1,03-31
513,600856,中天能源,0.43,13.16,,14.93,,52584.19,20.93,10派1.2,03-31
514,600343,航天动力,0.02,-46.88,,0.72,,1575.49,-46.88,,03-31
515,601377,兴业证券,0.34,11.49,,7.03,,228489.61,11.66,10派1.5,03-31
516,300342,天银机电,0.45,-13.46,,14.93,,19056.99,15.3,10派1.5,03-31
517,600630,龙头股份,0.3,500.0,,7.3,,12850.67,518.47,10派0.91,03-31
518,000927,一汽夏利,-1.03,-1110.22,,-186.83,,-164053.54,-1110.64,,03-31
519,002742,三圣股份,0.42,-23.64,,13.33,,18033.07,52.93,10派0.7,03-31
520,600056,中国医药,1.22,31.57,,17.7,,129852.44,36.96,10派3.6459,03-31
521,002002,鸿达兴业,0.41,20.46,,21.93,,100488.29,22.88,10派1.1,03-31
522,600076,康欣新材,0.45,21.5,,14.75,,46630.62,21.47,10派1.1,03-31
523,600141,兴发集团,0.52,202.94,,5.35,,32099.78,214.65,10派2转2,03-31
524,603990,麦迪科技,0.64,-14.67,,12.39,,5111.09,13.06,,03-31
525,600973,宝胜股份,0.07,-76.17,,2.4,,8623.74,-67.54,10派0.22,03-31
526,002324,普利特,0.64,-37.86,,7.92,,17423.21,-37.31,10派1转5,03-31
527,600428,中远海特,0.11,362.5,,2.52,,23756.05,372.65,10派0.2,03-31
528,600605,汇通能源,0.2,18.45,,5.0,,2937.53,18.34,10派0.6,03-31
529,300629,新劲刚,0.39,-27.78,,7.98,,2464.38,-8.1,10派1转5,03-31
530,600081,东风科技,0.44,19.35,,11.6,,13923.92,19.35,10派1.35,03-31
531,600200,江苏吴中,0.19,76.19,,4.54,,13310.53,85.21,10派0.56,03-31
532,600917,重庆燃气,0.23,-4.17,,9.9,,36342.92,-2.1,10派1.3,03-31
533,300128,锦富技术,0.07,-14.25,,2.93,,5848.44,53.1,10派0.1转3,03-31
534,300244,迪安诊断,0.64,33.33,,15.97,,34959.3,33.05,10派0.25,03-31
535,300375,鹏翎股份,0.65,-24.42,,8.85,,11925.47,-24.19,10派3转8,03-31
536,601901,方正证券,0.18,-41.94,4.55,3.99,1.05,145295.79,-43.45,10派0.1,03-31
537,603228,景旺电子,1.62,8.72,,21.5,,65973.51,22.75,,03-31
538,603639,海利尔,2.43,49.08,,20.1,,28603.53,95.58,10派3转4,03-31
539,603717,天域生态,0.75,-11.69,,11.14,,12132.8,10.39,,03-31
540,300259,新天科技,0.3,36.36,,9.05,,16095.77,52.86,,03-31
541,000544,中原环保,0.5,0.0,,6.05,,32235.35,8.35,10派3.5转5,03-31
542,600499,科达洁能,0.34,56.28,,11.27,,47889.13,57.9,10派0.5,03-31
543,601968,宝钢包装,0.01,0.0,,0.33,,663.13,-32.92,,03-31
544,002492,恒基达鑫,0.16,-2.37,,5.47,,6496.12,46.41,10派0.5,03-31
545,000785,武汉中商,1.42,14100.0,,37.49,,35753.53,17416.64,10派2,03-31
546,002030,达安基因,0.12,-20.0,,5.29,,8644.78,-18.97,10派0.25送1,03-31
547,600106,重庆路桥,0.28,-15.15,,7.96,,28026.36,-5.08,10派0.85送1,03-31
548,600833,第一医药,0.19,-9.52,,6.06,,4347.68,-5.56,10派0.6,03-31
549,002109,兴化股份,0.29,635.25,,6.39,,20641.3,635.03,10转5,03-31
550,600861,北京城乡,0.27,-4.5,,3.56,,8473.24,-4.5,10派0.85,03-31
551,002184,海得控制,0.06,2.76,,1.31,,1452.89,8.21,10派1,03-31
552,300273,和佳股份,0.12,9.09,,3.92,,9271.05,3.9,,03-31
553,600647,同达创业,0.08,-86.17,,3.11,,1113.87,-86.18,10派0.5,03-31
554,600682,南京新百,0.68,41.67,,10.41,,73623.22,84.12,10派0.9,03-31
555,600689,上海三毛,0.1,-78.26,2.28,4.69,,2070.27,-77.62,10派0.15,03-31
556,600061,国投资本,0.68,-1.45,,9.13,,258969.17,1.09,10派0.62,03-31
557,002289,宇顺电子,-0.45,-384.61,,-23.83,,-12745.41,-526.91,,03-31
558,300215,电科院,0.17,70.0,,6.49,,12580.87,78.02,,03-31
559,600439,瑞贝卡,0.19,4.45,,8.92,,21511.74,25.35,10派0.5,03-31
560,002430,杭氧股份,0.41,-220.59,,9.13,,36070.4,-227.63,10派0.75,03-31
561,603006,联明股份,0.6,-11.76,,12.96,,11362.72,-12.0,,03-31
562,002612,朗姿股份,0.47,14.37,,7.37,,18757.13,14.36,,03-31
563,600616,金枫酒业,0.11,-15.38,,2.74,,5518.46,-18.0,10派0.5,03-31
564,002770,科迪乳业,0.12,-25.0,,7.85,,12668.93,41.56,,03-30
565,603556,海兴电力,1.5,-17.13,,12.64,,56285.2,7.98,,03-30
566,600750,江中药业,1.39,9.45,,15.11,,41779.66,10.01,10派4.5转4,03-30
567,002053,云南能投,0.29,-39.98,,7.04,,16212.8,-39.98,10派1,03-30
568,603883,老百姓,1.38,24.32,,18.1,,37080.02,24.89,10派10,03-30
569,002208,合肥城建,0.41,20.59,,7.87,,13276.56,22.07,10派1,03-30
570,002248,*ST东数,0.12,-115.94,,5.62,,3713.73,-115.94,,03-30
571,601038,一拖股份,0.06,-74.52,,1.17,,5651.42,-74.7,,03-30
572,002302,西部建设,0.1,-67.74,,2.46,,10574.12,-66.57,10派0.7,03-30
573,601186,中国铁建,1.16,12.62,,12.16,,1605723.5,14.7,10派1.8,03-30
574,600416,湘电股份,0.1,-41.18,,1.36,,9119.73,-34.29,10派0.3,03-30
575,601618,中国中冶,0.26,4.0,,8.44,,606148.8,12.75,10派0.68,03-30
576,002409,雅克科技,0.1,-50.64,,2.25,,3452.8,-49.1,10派0.11,03-30
577,000686,东北证券,0.28,-51.72,,4.26,,66694.66,-49.28,10派1,03-30
578,002490,*ST墨龙,0.05,-106.49,,2.07,,3803.85,-106.21,,03-30
579,002533,金杯电工,0.23,-26.86,,5.52,,12421.0,-26.49,10派1,03-30
580,002672,东江环保,0.55,-11.29,,13.53,,47337.6,-11.32,10派1.61,03-30
581,000921,海信科龙,1.47,83.75,,35.12,,199753.01,83.64,10派4.4,03-30
582,600016,民生银行,1.35,3.05,10.12,14.03,-7.05,4981300.0,4.12,10派0.3送2转2,03-30
583,000963,华东医药,1.83,-39.0,,23.02,,177950.61,23.01,10派7.2转5,03-30
584,002786,银宝山新,0.17,-34.62,,6.01,,6454.91,-34.83,,03-30
585,600187,国中水务,0.01,0.0,,0.55,,1783.38,10.16,,03-30
586,601107,四川成渝,0.29,-15.16,,6.54,,88843.67,-15.16,10派1,03-30
587,600382,广东明珠,0.71,42.0,,6.73,,33211.23,87.42,10派0.35,03-30
588,601992,金隅集团,0.27,8.0,,6.26,,283666.49,5.58,10派0.48,03-30
589,600576,祥源文化,0.14,-17.65,,4.88,,9141.58,-15.95,,03-30
590,600022,山东钢铁,0.18,-346.91,,11.32,,192445.25,-420.8,,03-30
591,300658,延江股份,1.01,-15.13,,17.08,,9013.0,0.79,,03-30
592,600115,东方航空,0.44,34.45,,12.64,,635200.0,40.91,10派0.51,03-30
593,002888,惠威科技,0.47,-20.34,,10.28,,3361.17,-9.27,,03-30
594,600803,新奥股份,0.64,20.75,,12.86,,63104.0,21.66,10派1,03-30
595,002079,苏州固锝,0.14,-7.82,,7.02,,10469.7,-7.68,10派0.3,03-30
596,600235,民丰特纸,0.05,25.0,,1.51,,1920.77,53.04,10派0.1,03-30
597,600908,无锡银行,0.54,3.85,,11.04,3.37,99494.8,11.45,10派1.5,03-30
598,002238,天威视讯,0.38,-22.45,,8.68,,23557.5,-22.16,10派2.5,03-30
599,000157,中联重科,0.17,-241.67,,3.57,,133192.37,-242.65,10派2,03-30
600,002303,美盈森,0.23,46.43,,8.45,,34818.63,55.86,10派1.3,03-30
601,600340,华夏幸福,2.83,27.48,,31.4,,878080.6,35.26,10派9,03-30
602,601375,中原证券,0.11,-50.0,,4.24,,44198.26,-38.5,10派0.35,03-30
603,000585,*ST东电,-0.45,295.08,,,,-39705.76,299.08,,03-30
604,002457,青龙管业,0.06,0.0,,1.07,,1926.76,-9.15,10派1,03-30
605,300479,神思电子,0.11,-16.85,,4.22,,1714.38,-16.8,,03-30
606,300523,辰安科技,0.63,-45.52,,10.95,,9101.31,14.69,,03-30
607,600008,首创股份,0.13,0.24,,5.8,,61200.88,0.18,10派0.8,03-30
608,300682,朗新科技,0.37,8.82,,14.7,,13913.68,13.97,,03-30
609,600068,葛洲坝,0.89,30.03,,17.28,,468360.21,37.94,10派2.68,03-30
610,002815,崇达技术,1.08,7.34,,20.26,,44390.31,18.14,,03-30
611,600125,铁龙物流,0.25,36.76,,6.44,,33080.08,36.94,10派0.8,03-30
612,002917,金奥博,0.74,-25.25,,22.19,,6251.66,1.2,10派2,03-30
613,600889,南京化纤,-0.99,-429.0,,-22.95,,-30295.09,-433.53,,03-30
614,300115,长盈精密,0.63,-17.11,,13.69,,57096.55,-16.49,10派1,03-30
615,600320,振华重工,0.07,36.0,,1.99,,30019.54,41.32,10派0.5转2,03-30
616,601238,广汽集团,1.65,68.37,,21.49,,1078621.99,71.53,10派4.3转4,03-30
617,000521,美菱电器,0.03,-88.55,,0.64,,3247.32,-85.25,10派0.6,03-30
618,600426,华鲁恒升,0.75,7.41,,14.02,,122205.18,39.58,10派1.5,03-30
619,002423,中原特钢,-0.51,-5228.0,,-15.17,,-25792.04,-5062.01,,03-30
620,300403,地尔汉宇,0.48,-66.42,,11.24,,16074.1,-16.09,,03-30
621,000705,浙江震元,0.18,28.57,,4.59,,6108.25,34.91,,03-30
622,300445,康斯特,0.32,18.51,,12.11,,5301.37,20.27,10派0.8,03-30
623,603030,全筑股份,0.31,-49.35,,10.9,,16475.56,64.11,,03-30
624,603089,正裕工业,0.69,-37.27,,10.9,,7200.42,-18.36,,03-30
625,300692,中环环保,0.57,-1.72,,9.41,,5068.88,9.74,,03-30
626,601328,交通银行,0.91,2.25,8.23,11.4,,7022300.0,4.48,10派2.856,03-30
627,300327,中颖电子,0.64,12.59,,18.04,,13363.77,24.16,10派4.5转1,03-30
628,300455,康拓红外,0.18,-25.0,,10.64,,7175.65,6.33,,03-30
629,600658,电子城,0.64,0.0,,8.25,,50849.07,21.08,10派1.91送4,03-30
630,600769,祥龙电业,0.01,180.0,,11.05,,511.71,185.56,,03-30
631,600805,悦达投资,-0.33,-353.85,,-4.45,,-28124.58,-355.32,,03-30
632,603883,老百姓,1.38,24.32,,18.1,,37080.02,24.89,10派10,03-30
633,002208,合肥城建,0.41,20.59,,7.87,,13276.56,22.07,10派1,03-30
634,002248,*ST东数,0.12,-115.94,,5.62,,3713.73,-115.94,,03-30
635,601038,一拖股份,0.06,-74.52,,1.17,,5651.42,-74.7,,03-30
636,002302,西部建设,0.1,-67.74,,2.46,,10574.12,-66.57,10派0.7,03-30
637,601186,中国铁建,1.16,12.62,,12.16,,1605723.5,14.7,10派1.8,03-30
638,600416,湘电股份,0.1,-41.18,,1.36,,9119.73,-34.29,10派0.3,03-30
639,601618,中国中冶,0.26,4.0,,8.44,,606148.8,12.75,10派0.68,03-30
640,002409,雅克科技,0.1,-50.64,,2.25,,3452.8,-49.1,10派0.11,03-30
641,000686,东北证券,0.28,-51.72,,4.26,,66694.66,-49.28,10派1,03-30
642,002490,*ST墨龙,0.05,-106.49,,2.07,,3803.85,-106.21,,03-30
643,002533,金杯电工,0.23,-26.86,,5.52,,12421.0,-26.49,10派1,03-30
644,002672,东江环保,0.55,-11.29,,13.53,,47337.6,-11.32,10派1.61,03-30
645,002770,科迪乳业,0.12,-25.0,,7.85,,12668.93,41.56,,03-30
646,603556,海兴电力,1.5,-17.13,,12.64,,56285.2,7.98,,03-30
647,600750,江中药业,1.39,9.45,,15.11,,41779.66,10.01,10派4.5转4,03-30
648,002053,云南能投,0.29,-39.98,,7.04,,16212.8,-39.98,10派1,03-30
649,600187,国中水务,0.01,0.0,,0.55,,1783.38,10.16,,03-30
650,601107,四川成渝,0.29,-15.16,,6.54,,88843.67,-15.16,10派1,03-30
651,600382,广东明珠,0.71,42.0,,6.73,,33211.23,87.42,10派0.35,03-30
652,601992,金隅集团,0.27,8.0,,6.26,,283666.49,5.58,10派0.48,03-30
653,600576,祥源文化,0.14,-17.65,,4.88,,9141.58,-15.95,,03-30
654,000921,海信科龙,1.47,83.75,,35.12,,199753.01,83.64,10派4.4,03-30
655,600016,民生银行,1.35,3.05,10.12,14.03,-7.05,4981300.0,4.12,10派0.3送2转2,03-30
656,000963,华东医药,1.83,-39.0,,23.02,,177950.61,23.01,10派7.2转5,03-30
657,002786,银宝山新,0.17,-34.62,,6.01,,6454.91,-34.83,,03-30
658,600235,民丰特纸,0.05,25.0,,1.51,,1920.77,53.04,10派0.1,03-30
659,600908,无锡银行,0.54,3.85,,11.04,3.37,99494.8,11.45,10派1.5,03-30
660,300684,中石科技,1.26,123.08,,22.24,,8224.4,123.06,10派1.9,03-30
661,600101,明星电力,0.3,15.38,,4.84,,9810.36,17.43,10派0.5,03-30
662,600885,宏发股份,1.29,18.35,,17.91,,68499.17,17.74,10派4转4,03-30
663,600258,首旅酒店,0.77,7.48,,8.98,,63088.81,199.09,10派0.8转2,03-30
664,601225,陕西煤业,1.04,271.43,,26.59,,1044940.0,279.3,10派4.18,03-30
665,601390,中国中铁,0.67,29.4,,11.25,,1606683.3,28.44,10派1.13,03-30
666,601866,中远海发,0.13,297.14,,10.25,,146189.05,296.61,,03-30
667,601988,中国银行,0.56,3.7,4.74,12.24,,17240700.0,4.76,10派1.76,03-30
668,600571,信雅达,-0.48,-271.43,,-18.53,,-20886.72,-270.35,,03-30
669,603081,大丰实业,0.6,5.26,,18.09,,22910.85,14.13,10派1.2,03-30
670,000789,万年青,0.75,101.77,,15.61,,46262.82,101.8,10派3.5,03-30
671,600635,大众公用,0.16,-27.27,,6.56,,47413.34,-13.42,10派0.6,03-30
672,300562,乐心医疗,0.09,-94.92,,3.52,,1784.07,-77.84,,03-30
673,300619,金银河,0.66,-14.29,,12.88,,4746.46,10.08,,03-30
674,000928,中钢国际,0.33,-58.03,,9.37,,41775.89,-18.47,10派1.2,03-30
675,603607,京华激光,1.15,16.16,,21.22,,8263.34,23.14,,03-30
676,002076,雪莱特,0.08,-27.47,,5.39,,5587.02,37.94,,03-30
677,002925,盈趣科技,2.59,121.37,,80.97,,98386.25,120.86,10派8,03-30
678,300026,红日药业,0.15,-31.82,,7.38,,45072.97,-31.56,10派0.2,03-30
679,603993,洛阳钼业,0.14,133.33,,9.89,,272779.62,173.32,10派0.76,03-30
680,603002,宏昌电子,0.13,225.0,,7.39,,7844.94,194.05,10派0.64,03-30
681,600549,厦门钨业,0.57,320.68,,9.24,,61837.84,320.66,10派2转3,03-30
682,603098,森特股份,0.5,-18.03,,12.36,,20040.68,-3.13,,03-30
683,002700,新疆浩源,0.18,-5.26,,8.15,,7577.38,-5.35,10派0.3,03-30
684,000936,华西股份,0.22,-67.65,,4.17,,19539.96,-67.67,10派0.3,03-30
685,603528,多伦科技,0.16,-89.91,,7.48,,10193.06,-66.99,,03-30
686,600744,华银电力,-0.65,-690.91,,-32.47,,-115714.34,-715.42,,03-30
687,002896,中大力德,0.9,15.38,,16.21,,5984.24,27.99,,03-30
688,002166,莱茵生物,0.47,193.75,,21.71,,20593.97,195.62,10派0.5,03-30
689,000011,深物业A,1.05,75.56,,26.64,,62296.27,75.55,10派3,03-30
690,600272,开开实业,0.16,77.78,,7.69,,3873.05,81.9,10派0.5,03-30
691,601018,宁波港,0.2,17.65,2.76,7.51,0.22,267665.4,16.43,10派0.75,03-30
692,600403,大有能源,0.2,-124.39,,7.01,,48039.15,-124.48,10派0.61,03-30
693,601601,中国太保,1.62,21.8,15.17,10.89,9.5,1466200.0,21.61,10派8,03-30
694,600452,涪陵电力,1.42,35.24,,22.32,,22642.38,34.82,10派2送4,03-30
695,601800,中国交建,1.21,24.74,,12.95,,2058077.8,22.92,10派2.419,03-30
696,601918,新集能源,0.01,-90.32,,0.48,,2213.36,-90.84,,03-30
697,000677,恒天海龙,0.0,-57.69,,0.71,,193.17,-57.28,,03-30
698,002482,广田集团,0.42,61.54,,10.1,,64670.77,60.58,10派0.5,03-30
699,600663,陆家嘴,0.93,18.16,,22.19,,312991.77,18.17,10派4.66,03-30
700,600707,彩虹股份,0.05,-113.51,,1.33,,5968.72,-121.9,,03-30
701,600754,锦江股份,0.92,15.09,,6.88,,88175.85,26.95,10派5.6,03-30
702,603656,泰禾光电,0.88,-40.14,,12.53,,8745.92,4.54,,03-30
703,603721,中广天择,0.76,43.4,,15.45,,6374.88,59.16,,03-30
704,600218,全柴动力,0.17,-34.62,,3.24,,6148.18,-35.21,10派0.5,03-30
705,600283,钱江水利,0.21,23.53,,4.09,,7259.03,23.14,,03-30
706,601211,国泰君安,1.11,-8.26,14.13,9.05,,988154.47,0.41,10派4,03-30
707,300480,光力科技,0.21,23.53,,6.94,,3842.98,24.33,,03-30
708,300528,幸福蓝海,0.3,-30.23,,5.96,,11246.33,-0.03,10派1,03-30
709,002631,德尔未来,0.13,-55.17,,5.72,,8564.44,-55.17,10派0.2,03-30
710,000875,吉电股份,-0.16,-1897.75,,-4.54,,-33953.39,-2710.81,,03-30
711,300653,正海生物,0.86,13.16,,16.63,,6166.96,35.63,10派5,03-30
712,600735,新华锦,0.2,32.64,,9.3,,7382.24,32.65,10派0.6,03-30
713,603667,五洲新春,0.49,-10.91,,8.42,,9873.49,11.32,10派2.5转3,03-30
714,002880,卫光生物,1.64,-13.23,,18.54,,15474.92,0.99,10派5,03-30
715,002114,罗平锌电,0.17,-45.16,,3.25,,5528.97,-33.32,,03-30
716,600893,航发动力,0.47,2.17,,5.24,,95999.43,7.78,10派1.29,03-30
717,300406,九强生物,0.55,0.0,,19.06,,27315.14,0.55,10派1.5,03-30
718,603096,新经典,1.9,25.0,,19.33,,23232.29,52.94,10派6,03-30
719,000798,中水渔业,0.17,52.15,,6.58,,5425.06,52.15,,03-30
720,603528,多伦科技,0.16,-89.91,,7.48,,10193.06,-66.99,,03-30
721,600744,华银电力,-0.65,-690.91,,-32.47,,-115714.34,-715.42,,03-30
722,002896,中大力德,0.9,15.38,,16.21,,5984.24,27.99,,03-30
723,002166,莱茵生物,0.47,193.75,,21.71,,20593.97,195.62,10派0.5,03-30
724,000011,深物业A,1.05,75.56,,26.64,,62296.27,75.55,10派3,03-30
725,600272,开开实业,0.16,77.78,,7.69,,3873.05,81.9,10派0.5,03-30
726,601018,宁波港,0.2,17.65,2.76,7.51,0.22,267665.4,16.43,10派0.75,03-30
727,600403,大有能源,0.2,-124.39,,7.01,,48039.15,-124.48,10派0.61,03-30
728,601601,中国太保,1.62,21.8,15.17,10.89,9.5,1466200.0,21.61,10派8,03-30
729,600452,涪陵电力,1.42,35.24,,22.32,,22642.38,34.82,10派2送4,03-30
730,601800,中国交建,1.21,24.74,,12.95,,2058077.8,22.92,10派2.419,03-30
731,601918,新集能源,0.01,-90.32,,0.48,,2213.36,-90.84,,03-30
732,000677,恒天海龙,0.0,-57.69,,0.71,,193.17,-57.28,,03-30
733,002482,广田集团,0.42,61.54,,10.1,,64670.77,60.58,10派0.5,03-30
734,600663,陆家嘴,0.93,18.16,,22.19,,312991.77,18.17,10派4.66,03-30
735,600707,彩虹股份,0.05,-113.51,,1.33,,5968.72,-121.9,,03-30
736,600754,锦江股份,0.92,15.09,,6.88,,88175.85,26.95,10派5.6,03-30
737,603656,泰禾光电,0.88,-40.14,,12.53,,8745.92,4.54,,03-30
738,603721,中广天择,0.76,43.4,,15.45,,6374.88,59.16,,03-30
739,600218,全柴动力,0.17,-34.62,,3.24,,6148.18,-35.21,10派0.5,03-30
740,600283,钱江水利,0.21,23.53,,4.09,,7259.03,23.14,,03-30
741,601211,国泰君安,1.11,-8.26,14.13,9.05,,988154.47,0.41,10派4,03-30
742,300480,光力科技,0.21,23.53,,6.94,,3842.98,24.33,,03-30
743,300528,幸福蓝海,0.3,-30.23,,5.96,,11246.33,-0.03,10派1,03-30
744,002631,德尔未来,0.13,-55.17,,5.72,,8564.44,-55.17,10派0.2,03-30
745,000875,吉电股份,-0.16,-1897.75,,-4.54,,-33953.39,-2710.81,,03-30
746,300653,正海生物,0.86,13.16,,16.63,,6166.96,35.63,10派5,03-30
747,600735,新华锦,0.2,32.64,,9.3,,7382.24,32.65,10派0.6,03-30
748,603667,五洲新春,0.49,-10.91,,8.42,,9873.49,11.32,10派2.5转3,03-30
749,002880,卫光生物,1.64,-13.23,,18.54,,15474.92,0.99,,03-30
750,002114,罗平锌电,0.17,-45.16,,3.25,,5528.97,-33.32,,03-30
751,600893,航发动力,0.47,2.17,,5.24,,95999.43,7.78,10派1.29,03-30
752,300406,九强生物,0.55,0.0,,19.06,,27315.14,0.55,10派1.5,03-30
753,603096,新经典,1.9,25.0,,19.33,,23232.29,52.94,,03-30
754,000798,中水渔业,0.17,52.15,,6.58,,5425.06,52.15,,03-30
755,603186,华正新材,0.72,-17.24,,16.18,,9359.78,10.38,10派1.5,03-30
756,603309,维力医疗,0.32,-20.0,,7.38,,6455.71,-18.54,10派1.5,03-30
757,600775,南京熊猫,0.12,-9.96,,3.2,,10738.21,-9.94,10派0.7,03-30
758,603698,航天工程,0.47,17.5,,7.96,,19249.41,17.47,10派1.41,03-30
759,600163,中闽能源,0.15,45.28,,9.26,,15347.63,45.5,,03-30
760,000006,深振业A,0.6,3.49,,15.24,,80563.64,3.47,10派1.81,03-30
761,002241,歌尔股份,0.68,-37.04,,16.58,,213922.62,29.53,10派1,03-30
762,601016,节能风电,0.1,5.49,,6.15,,39902.87,111.58,10派0.44,03-30
763,300328,宜安科技,0.08,5.4,,4.4,,3276.16,6.76,10派0.3,03-30
764,002480,新筑股份,0.02,-33.45,,0.54,,1245.64,-33.4,10派0.2,03-30
765,603042,华脉科技,0.6,-26.66,,10.56,,7354.58,-12.4,,03-30
766,000852,石化机械,0.02,-101.13,,0.54,,941.38,-101.14,,03-30
767,600692,亚通股份,0.18,35.52,,9.59,,6389.09,35.59,,03-30
768,603398,邦宝益智,0.29,-23.68,,10.32,,6205.31,5.97,,03-29
769,002771,真视通,0.43,-50.0,,11.23,,6928.15,0.36,10派1.5,03-29
770,002910,庄园牧场,0.46,-14.81,,8.0,,6835.19,-9.96,,03-29
771,600962,国投中鲁,0.03,832.35,,1.01,,831.59,824.01,,03-29
772,002410,广联达,0.42,11.94,,15.77,,47224.42,11.62,10派2.5,03-29
773,601828,美凯龙,1.13,20.21,,10.48,,407789.77,20.04,10派3.2,03-29
774,600223,鲁商置业,0.11,22.22,,4.62,,10536.12,14.06,,03-29
775,000029,深深房A,0.18,-40.62,,6.76,,18498.85,-40.63,,03-29
776,002230,科大讯飞,0.33,-10.81,,5.74,,43467.6,-10.27,10派1转5,03-29
777,000553,沙隆达A,0.66,-626.4,,9.05,,154587.9,-2175.28,10派0.63,03-29
778,600604,市北高新,0.12,-36.84,,4.0,,23147.51,50.83,10派0.12,03-29
779,002039,黔源电力,1.05,147.17,,14.39,,32034.99,147.16,10派3,03-29
780,000338,潍柴动力,0.85,39.34,,20.25,,680834.25,178.89,10派2.5,03-29
781,600458,时代新材,0.09,-70.0,,1.41,,6922.39,-71.39,10派0.5,03-29
782,601811,新华文轩,0.75,36.36,,11.29,,92384.45,42.69,10派3,03-29
783,600495,晋西车轴,0.01,-50.0,,0.54,,1680.8,-37.62,10派0.1,03-29
784,601636,旗滨集团,0.45,33.58,,17.49,,114264.83,36.83,,03-29
785,300349,金卡智能,1.48,208.33,,12.2,,34814.21,297.38,,03-29
786,603839,安正时尚,1.0,-9.09,,11.95,,27307.33,15.69,,03-29
787,600362,江西铜业,0.46,100.0,,3.39,,160410.78,103.69,10派2,03-29
788,600392,盛和资源,0.26,-856.16,,8.36,,33654.69,-1124.42,10派0.3转3,03-29
789,603929,亚翔集成,0.6,-41.75,,13.69,,12832.91,-22.34,,03-29
790,000014,沙河股份,0.04,-73.34,,1.03,,763.03,-73.32,10派0.1,03-29
791,600273,嘉化能源,0.7,22.81,,19.28,,96852.91,30.8,10派2,03-29
792,300378,鼎捷软件,0.23,43.75,,5.13,,6110.01,48.73,,03-29
793,600521,华海药业,0.62,26.53,,13.81,,63924.67,27.64,10派2转2,03-29
794,002178,延华智能,0.03,-50.0,,2.17,,2520.32,-43.32,,03-29
795,300346,南大光电,0.21,348.61,,2.82,,3383.91,348.28,,03-29
796,600650,锦江投资,0.45,4.42,,7.48,,24746.24,4.41,10派2.5,03-29
797,600716,凤凰股份,-0.16,-388.6,,-4.54,,-15401.37,-393.73,,03-29
798,000034,神州数码,1.11,64.97,,24.1,,72292.47,79.03,10派0.38,03-29
799,300205,天喻信息,0.05,13.64,,1.94,,2259.69,13.84,10派0.3,03-29
800,601555,东吴证券,0.26,-48.0,,3.85,,78812.28,-47.4,10派1.5,03-29
801,601688,华泰证券,1.3,47.94,,10.56,,927652.04,47.94,,03-29
802,002401,中远海科,0.25,28.33,,7.95,,7595.1,28.32,10派0.5,03-29
803,300548,博创科技,0.97,-3.96,,13.64,,7980.03,17.52,,03-29
804,600790,轻纺城,0.36,5.88,,7.71,,38059.14,7.29,10派1.1转4,03-29
805,603166,福达股份,0.23,35.29,,6.48,,13609.46,34.57,,03-29
806,600109,国金证券,0.4,-7.46,,6.62,,120143.25,-7.49,10派0.5,03-29
807,600835,上海机电,1.36,-4.23,,14.56,,139033.05,-4.05,10派4.8,03-29
808,300117,嘉寓股份,0.09,-18.18,,4.42,,6374.03,-16.43,10派0.1,03-29
809,000555,神州信息,0.31,19.11,,6.38,,30264.23,25.06,10派0.32,03-29
810,002392,北京利尔,0.14,10.15,,5.25,,16222.05,9.97,10派0.15,03-29
811,601881,中国银河,0.39,-27.78,,6.33,,398073.04,-22.76,10派1.2,03-29
812,300579,数字认证,1.05,5.0,,16.29,,8424.55,40.5,10派3转5,03-29
813,600026,中远海能,0.44,-8.12,,6.38,,176633.92,-8.12,10派0.5,03-29
814,300036,超图软件,0.44,-24.14,,11.49,,19626.6,53.99,10派0.88,03-29
815,000045,深纺织A,0.1,-158.82,,2.23,,5277.61,-160.47,,03-29
816,000159,国际实业,-0.14,-288.25,,-3.09,,-6630.53,-288.27,,03-29
817,601333,广深铁路,0.14,-12.5,,3.59,,101536.1,-12.34,10派0.8,03-29
818,002400,省广集团,-0.11,-122.0,,-3.65,,-18410.58,-130.12,,03-29
819,600488,天药股份,0.12,80.3,,4.46,,12980.83,103.44,10派0.36,03-29
820,000719,中原传媒,0.68,3.03,,9.97,,69322.21,2.99,10派1.8,03-29
821,603398,邦宝益智,0.29,-23.68,,10.32,,6205.31,5.97,,03-29
822,002771,真视通,0.43,-50.0,,11.23,,6928.15,0.36,10派1.5,03-29
823,002910,庄园牧场,0.46,-14.81,,8.0,,6835.19,-9.96,,03-29
824,600962,国投中鲁,0.03,832.35,,1.01,,831.59,824.01,,03-29
825,002410,广联达,0.42,11.94,,15.77,,47224.42,11.62,10派2.5,03-29
826,601828,美凯龙,1.13,20.21,,10.48,,407789.77,20.04,,03-29
827,600223,鲁商置业,0.11,22.22,,4.62,,10536.12,14.06,,03-29
828,000029,深深房A,0.18,-40.62,,6.76,,18498.85,-40.63,,03-29
829,002230,科大讯飞,0.33,-10.81,,5.74,,43467.6,-10.27,10派1转5,03-29
830,000553,沙隆达A,0.66,-626.4,,9.05,,154587.9,-2175.28,10派0.63,03-29
831,600604,市北高新,0.12,-36.84,,4.0,,23147.51,50.83,10派0.12,03-29
832,002039,黔源电力,1.05,147.17,,14.39,,32034.99,147.16,10派3,03-29
833,600116,三峡水利,0.35,52.17,,13.25,,34338.69,48.45,10派1.1,03-29
834,300242,明家联合,0.3,3.45,,8.69,,19306.59,5.97,,03-29
835,601766,中国中车,0.38,-7.32,4.24,9.14,,1079855.6,-4.4,10派1.5,03-29
836,600725,ST云维,0.01,-99.73,,3.82,,818.13,-99.47,,03-29
837,600251,冠农股份,0.11,221.66,,4.42,,8507.35,221.54,10派0.35,03-29
838,600279,重庆港九,0.7,536.36,,13.89,,48328.12,515.96,10派2.1,03-29
839,601818,光大银行,0.64,1.59,5.24,12.75,-2.72,3154500.0,4.01,10派1.81,03-29
840,300205,天喻信息,0.05,13.64,,1.94,,2259.69,13.84,10派0.3,03-29
841,601555,东吴证券,0.26,-48.0,,3.85,,78812.28,-47.4,10派1.5,03-29
842,601688,华泰证券,1.3,47.94,,10.56,,927652.04,47.94,,03-29
843,600650,锦江投资,0.45,4.42,,7.48,,24746.24,4.41,10派2.5,03-29
844,600716,凤凰股份,-0.16,-388.6,,-4.54,,-15401.37,-393.73,,03-29
845,002401,中远海科,0.25,28.33,,7.95,,7595.1,28.32,10派0.5,03-29
846,300548,博创科技,0.97,-3.96,,13.64,,7980.03,17.52,10派2,03-29
847,603166,福达股份,0.23,35.29,,6.48,,13609.46,34.57,10派2,03-29
848,600790,轻纺城,0.36,5.88,,7.71,,38059.14,7.29,10派1.1转4,03-29
849,002424,贵州百灵,0.37,8.82,,16.79,,52613.74,9.08,10派0.8,03-28
850,600579,天华院,-0.11,-650.0,,-3.98,,-4693.77,-847.43,,03-28
851,300569,天能重工,0.64,-76.11,,5.81,,9558.28,-44.22,,03-28
852,002695,煌上煌,0.28,56.67,,8.52,,14090.41,59.76,10派0.7,03-28
853,600018,上港集团,0.5,66.27,,17.92,,1153619.16,66.25,10派1.72,03-28
854,600400,红豆股份,0.34,209.09,,14.18,,60803.74,281.41,10派2转4,03-28
855,000615,京汉股份,0.4,185.71,,16.85,,30922.45,183.06,10派0.5,03-28
856,600519,贵州茅台,21.56,61.98,,32.95,,2707936.03,61.97,10派109.99,03-28
857,300421,力星股份,0.57,27.24,,6.37,,7397.34,27.24,10派2.7,03-28
858,002615,哈尔斯,0.27,-38.64,,14.05,,10980.11,-7.84,10派2,03-28
859,600528,中铁工业,0.63,447.83,,10.19,,133938.59,697.9,10派1.9,03-28
860,000728,国元证券,0.4,-44.44,,5.57,,120374.61,-14.35,10派1.5,03-28
861,300009,安科生物,0.39,5.95,,19.02,,27774.26,40.77,10派1.5转4,03-28
862,600292,远达环保,0.14,-26.32,,2.23,,10867.74,-28.3,10派0.55,03-28
863,601111,中国国航,0.54,-1.82,,8.96,,724031.2,6.26,10派1.1497,03-28
864,600386,北巴传媒,0.13,-55.17,,5.74,,10285.68,-12.64,10派1,03-28
865,000600,建投能源,0.09,-88.41,,1.54,,16838.83,-88.41,10派0.8,03-28
866,002465,海格通信,0.13,-48.0,,3.89,,29328.42,-44.68,10派0.8,03-28
867,002596,海南瑞泽,0.18,-18.18,,7.83,,17620.44,150.94,10派0.2,03-28
868,603180,金牌厨柜,2.78,44.79,,27.78,,16674.82,73.29,,03-28
869,603367,辰欣药业,0.97,38.57,,13.32,,36722.19,48.74,10派1.6,03-28
870,603665,康隆达,0.77,-38.4,,9.38,,7225.14,-22.94,10派1.5,03-28
871,300127,银河磁体,0.6,62.16,,16.87,,19296.54,63.13,10派4.5,03-28
872,000429,粤高速A,0.72,38.46,,17.69,,150992.24,50.81,10派5.06,03-28
873,002339,积成电子,0.19,-9.52,,4.47,,7152.89,-9.44,10派0.4,03-28
874,300507,苏奥传感,0.84,-46.84,,12.25,,10113.26,4.99,10派1.7,03-28
875,002660,茂硕电源,0.05,-600.0,,1.51,,1306.5,-830.65,,03-28
876,603322,超讯通信,0.27,-38.64,,4.42,,2137.93,-29.42,,03-28
877,600742,一汽富维,1.11,9.9,,10.57,,46771.11,9.47,10派5送2,03-28
878,300708,聚灿光电,0.54,71.97,,20.41,,11002.55,81.53,,03-28
879,603768,常青股份,0.67,-30.93,,9.1,,12723.1,-14.24,,03-28
880,603866,桃李面包,1.14,17.53,,22.36,,51328.09,17.85,,03-28
881,600871,*ST油服,-0.75,-34.33,,,,-1058254.1,-34.33,,03-28
882,300339,润和软件,0.35,-58.82,,6.93,,24941.12,-17.84,10派1,03-28
883,601939,建设银行,0.96,4.35,6.86,14.8,0.32,24226400.0,4.67,10派2.91,03-28
884,300429,强力新材,0.49,6.68,,12.52,,12659.09,9.12,10派1,03-28
885,000727,华东科技,0.0,-50.0,,0.11,,1164.62,-50.65,,03-28
886,603067,振华股份,0.46,2.22,,9.26,,10012.84,25.69,10派1.38转4,03-28
887,002090,金智科技,0.65,37.99,,12.62,,15348.34,40.57,10派1.5,03-28
888,603936,博敏电子,0.39,22.26,,6.78,,6524.07,22.19,,03-28
889,601002,晋亿实业,0.19,111.11,,6.16,,14759.26,107.32,10派1,03-28
890,000517,荣安地产,0.17,263.68,,13.72,,54175.58,263.75,10派0.2,03-28
891,601500,通用股份,0.2,-31.03,,5.76,,14749.93,-13.4,10派0.8,03-28
892,000635,英力特,0.31,-13.89,,3.17,,9331.3,-15.01,,03-28
893,600540,新赛股份,0.02,-102.35,,1.79,,1110.02,-102.34,,03-28
894,300647,超频三,0.31,-47.46,,7.82,,3353.06,-36.51,,03-28
895,600260,凯乐科技,1.08,295.17,,19.25,,73958.29,305.85,10派1,03-28
896,000039,中集集团,0.81,478.57,10.88,8.0,1.43,250924.2,364.97,10派2.7,03-28
897,300373,扬杰科技,0.57,21.28,,12.5,,26655.69,32.08,10派1.24,03-28
898,002658,雪迪龙,0.36,12.5,,11.95,,21478.82,10.77,10派0.72,03-28
899,600657,信达地产,0.66,13.79,,10.72,,101128.77,14.79,10派1.2,03-28
900,002225,濮耐股份,0.03,-114.29,,0.93,,2218.85,-112.0,,03-28
901,300144,宋城演艺,0.73,17.74,,15.6,,106761.21,18.32,10派1.2,03-28
902,002383,合众思壮,0.33,-28.94,,6.7,,24192.67,150.83,10派0.5,03-28
903,002414,高德红外,0.09,-19.93,,1.79,,5844.48,-17.52,10派0.15,03-28
904,002493,荣盛石化,0.52,-31.58,,14.09,,200123.85,4.19,10派1.2转5,03-28
905,603025,大豪科技,0.88,66.04,,24.94,,39651.3,66.07,10派10转4,03-28
906,300569,天能重工,0.64,-76.11,,5.81,,9558.28,-44.22,,03-28
907,002695,煌上煌,0.28,56.67,,8.52,,14090.41,59.76,10派0.7,03-28
908,600018,上港集团,0.5,66.27,,17.92,,1153619.16,66.25,10派1.72,03-28
909,002424,贵州百灵,0.37,8.82,,16.79,,52613.74,9.08,10派0.8,03-28
910,600579,天华院,-0.11,-650.0,,-3.98,,-4693.77,-847.43,,03-28
911,600400,红豆股份,0.34,209.09,,14.18,,60803.74,281.41,10派2转4,03-28
912,000615,京汉股份,0.4,185.71,,16.85,,30922.45,183.06,10派0.5,03-28
913,600519,贵州茅台,21.56,61.98,,32.95,,2707936.03,61.97,10派109.99,03-28
914,300421,力星股份,0.57,27.24,,6.37,,7397.34,27.24,10派2.7,03-28
915,002615,哈尔斯,0.27,-38.64,,14.05,,10980.11,-7.84,10派2,03-28
916,300009,安科生物,0.39,5.95,,19.02,,27774.26,40.77,10派1.5转4,03-28
917,600528,中铁工业,0.63,447.83,,10.19,,133938.59,697.9,10派1.9,03-28
918,000728,国元证券,0.4,-44.44,,5.57,,120374.61,-14.35,10派1.5,03-28
919,603367,辰欣药业,0.97,38.57,,13.32,,36722.19,48.74,10派1.6,03-28
920,603665,康隆达,0.77,-38.4,,9.38,,7225.14,-22.94,10派1.5,03-28
921,600292,远达环保,0.14,-26.32,,2.23,,10867.74,-28.3,10派0.55,03-28
922,601111,中国国航,0.54,-1.82,,8.96,,724031.2,6.26,10派1.1497,03-28
923,600386,北巴传媒,0.13,-55.17,,5.74,,10285.68,-12.64,10派1,03-28
924,000600,建投能源,0.09,-88.41,,1.54,,16838.83,-88.41,10派0.8,03-28
925,002465,海格通信,0.13,-48.0,,3.89,,29328.42,-44.68,10派0.8,03-28
926,002596,海南瑞泽,0.18,-18.18,,7.83,,17620.44,150.94,10派0.2,03-28
927,603180,金牌厨柜,2.78,44.79,,27.78,,16674.82,73.29,10派8,03-28
928,002660,茂硕电源,0.05,-600.0,,1.51,,1306.5,-830.65,,03-28
929,603322,超讯通信,0.27,-38.64,,4.42,,2137.93,-29.42,,03-28
930,600742,一汽富维,1.11,9.9,,10.57,,46771.11,9.47,10派5送2,03-28
931,300708,聚灿光电,0.54,71.97,,20.41,,11002.55,81.53,10派0.6,03-28
932,603768,常青股份,0.67,-30.93,,9.1,,12723.1,-14.24,,03-28
933,603866,桃李面包,1.14,17.53,,22.36,,51328.09,17.85,10派8,03-28
934,600871,*ST油服,-0.75,-34.33,,,,-1058254.1,-34.33,,03-28
935,300127,银河磁体,0.6,62.16,,16.87,,19296.54,63.13,10派4.5,03-28
936,000429,粤高速A,0.72,38.46,,17.69,,150992.24,50.81,10派5.06,03-28
937,002339,积成电子,0.19,-9.52,,4.47,,7152.89,-9.44,10派0.4,03-28
938,300507,苏奥传感,0.84,-46.84,,12.25,,10113.26,4.99,10派1.7,03-28
939,002090,金智科技,0.65,37.99,,12.62,,15348.34,40.57,10派1.5,03-28
940,603936,博敏电子,0.39,22.26,,6.78,,6524.07,22.19,,03-28
941,300339,润和软件,0.35,-58.82,,6.93,,24941.12,-17.84,10派1,03-28
942,601939,建设银行,0.96,4.35,6.86,14.8,0.32,24226400.0,4.67,10派2.91,03-28
943,300429,强力新材,0.49,6.68,,12.52,,12659.09,9.12,10派1,03-28
944,000727,华东科技,0.0,-50.0,,0.11,,1164.62,-50.65,,03-28
945,603067,振华股份,0.46,2.22,,9.26,,10012.84,25.69,10派1.38转4,03-28
946,300647,超频三,0.31,-47.46,,7.82,,3353.06,-36.51,,03-28
947,600260,凯乐科技,1.08,295.17,,19.25,,73958.29,305.85,10派1,03-28
948,601002,晋亿实业,0.19,111.11,,6.16,,14759.26,107.32,10派1,03-28
949,000517,荣安地产,0.17,263.68,,13.72,,54175.58,263.75,10派0.2,03-28
950,601500,通用股份,0.2,-31.03,,5.76,,14749.93,-13.4,10派0.8,03-28
951,000635,英力特,0.31,-13.89,,3.17,,9331.3,-15.01,,03-28
952,600540,新赛股份,0.02,-102.35,,1.79,,1110.02,-102.34,,03-28
953,000930,中粮生化,0.25,86.72,,14.11,,23730.72,86.74,,03-27
954,600269,赣粤高速,0.42,-4.55,,6.86,,98222.58,-5.33,10派1.7,03-27
955,601579,会稽山,0.37,12.12,,6.14,,18194.85,28.62,10派1.1,03-27
956,603038,华立股份,1.39,-29.8,,10.32,,9090.08,-8.17,,03-27
957,600029,南方航空,0.6,17.65,,12.84,,591400.0,16.99,10派1,03-27
958,600748,上实发展,0.47,46.88,,9.17,,87233.71,47.39,10派0.48,03-27
959,002902,铭普光磁,0.71,-17.44,,11.77,,8035.78,-11.36,,03-27
960,000552,靖远煤电,0.24,149.23,,8.4,,55221.1,149.06,10派1,03-27
961,000738,航发控制,0.19,4.22,,4.33,,21764.0,4.21,10派0.35,03-27
962,002595,豪迈科技,0.84,-6.13,,18.44,,67582.79,-5.83,10派3.75,03-27
963,000930,中粮生化,0.25,86.72,,14.11,,23730.72,86.74,,03-27
964,600269,赣粤高速,0.42,-4.55,,6.86,,98222.58,-5.33,10派1.7,03-27
965,601579,会稽山,0.37,12.12,,6.14,,18194.85,28.62,10派1.1,03-27
966,603038,华立股份,1.39,-29.8,,10.32,,9090.08,-8.17,,03-27
967,600029,南方航空,0.6,17.65,,12.84,,591400.0,16.99,10派1,03-27
968,600748,上实发展,0.47,46.88,,9.17,,87233.71,47.39,10派0.48,03-27
969,002902,铭普光磁,0.71,-17.44,,11.77,,8035.78,-11.36,,03-27
970,300138,晨光生物,0.39,10.06,,9.13,,14282.98,54.45,10派0.8转4,03-27
971,600565,迪马股份,0.28,-15.15,,9.91,,66941.79,-13.82,10派0.9,03-27
972,600731,湖南海利,0.13,196.28,,5.29,,4168.77,194.51,,03-27
973,002875,安奈儿,0.77,-26.67,,11.38,,6886.98,-12.95,,03-27
974,603726,朗迪集团,1.2,55.84,,14.52,,11337.95,68.83,,03-27
975,600886,国投电力,0.48,-17.47,,10.91,,323230.0,-17.47,10派1.667,03-27
976,002228,合兴包装,0.15,50.0,,8.93,,15390.37,49.51,10派0.5,03-27
977,600287,江苏舜天,0.19,76.39,,4.35,,8289.13,76.38,10派0.8,03-27
978,002461,珠江啤酒,0.18,5.88,,2.59,,18536.39,62.75,10派1转10,03-27
979,300532,今天国际,0.61,-21.79,,12.44,,9320.48,70.58,10派3转8,03-27
980,600158,中体产业,0.07,-4.7,,3.62,,5811.48,-4.75,10派0.22,03-27
981,600196,复星医药,1.27,4.96,,13.02,,312449.95,11.36,10派3.8,03-27
982,300027,华谊兄弟,0.3,3.45,,8.79,,82828.39,2.49,10派0.3,03-27
983,603916,苏博特,0.57,-1.72,,10.87,,13378.89,0.64,,03-27
984,300068,南都电源,0.47,-2.08,,6.38,,38088.66,15.65,10派2,03-27
985,300240,飞力达,0.2,11.11,,6.89,,7163.48,8.33,,03-27
986,600435,北方导航,0.03,0.0,,2.27,,4728.26,10.22,10派0.25,03-27
987,600478,科力远,0.02,-110.53,,1.59,,2201.56,-110.4,,03-27
988,000895,双汇发展,1.31,-1.91,,31.4,,431929.99,-1.95,10派11,03-27
989,300185,通裕重工,0.07,40.0,,4.25,,21351.8,28.46,10派0.4,03-27
990,300586,美联新材,0.57,-13.64,,9.63,,5456.92,15.33,,03-27
991,000919,金陵药业,0.27,-23.87,,5.34,,13712.65,-23.88,10派1.7,03-27
992,603899,晨光文具,0.69,28.63,,24.45,,63404.1,28.63,10派2.5,03-27
993,002139,拓邦股份,0.32,-8.57,,11.5,,21001.93,45.55,10派1转5,03-27
994,002417,深南股份,0.03,-107.69,,2.22,,767.18,-107.28,,03-27
995,000631,顺发恒业,0.31,93.75,,13.17,,76504.03,108.85,10派3.1,03-27
996,600535,天士力,1.27,16.51,,15.24,,137654.22,17.01,10派4转4,03-27
997,300655,晶瑞股份,0.46,-10.64,,9.63,,3617.65,6.72,,03-27
998,002007,华兰生物,0.88,5.18,,18.48,,82082.35,5.19,10派3,03-27
999,002186,全聚德,0.44,-2.56,,9.27,,13599.6,-2.57,10派2.6,03-27
1000,600267,海正药业,0.01,-110.0,,0.2,,1356.62,-114.37,10派0.5,03-27
1001,000099,中信海直,0.15,7.14,,3.15,,9098.33,5.88,10派0.15,03-27
1002,300322,硕贝德,0.14,-12.5,,9.55,,5777.98,-13.96,10派0.3,03-27
1003,600608,ST沪科,0.19,-371.43,,346.0,,6232.12,-361.89,,03-27
1004,600027,华电国际,0.04,-87.02,,1.02,,43012.7,-87.14,10派0.18,03-27
1005,300037,新宙邦,0.75,-46.04,,12.45,,28005.38,9.43,10派2,03-27
1006,000049,德赛电池,1.46,17.72,,23.63,,30053.56,17.72,10派2.5,03-27
1007,600306,商业城,0.46,-25.57,,76.21,,8240.33,-25.57,,03-27
1008,002616,长青集团,0.12,-73.62,,4.3,,8758.04,-46.31,,03-27
1009,603898,好莱客,1.15,33.72,,22.45,,34799.84,37.95,10派3.26,03-27
1010,000402,金融街,1.01,7.45,,10.56,,300641.23,7.2,10派3,03-27
1011,600419,天润乳业,0.96,26.32,,12.59,,9912.65,26.64,10派2.9转10,03-27
1012,300309,吉艾科技,0.44,-144.44,,13.89,,21226.47,-148.32,,03-27
1013,000731,四川美丰,0.26,-162.15,,6.12,,15560.33,-162.15,10派0.8,03-27
1014,600570,恒生电子,0.76,2433.33,,17.54,,47121.9,2476.18,10派2.9,03-27
1015,600597,光明乳业,0.5,8.7,,11.92,,61723.96,9.6,10派1.6,03-27
1016,600798,宁波海运,0.14,68.49,,5.37,,14883.06,68.42,10派0.5,03-27
1017,002185,华天科技,0.23,-36.66,,9.67,,49517.0,26.67,10派0.2,03-27
1018,000096,广聚能源,0.28,-49.09,,6.46,,15019.4,-48.72,10派0.2,03-27
1019,002265,西仪股份,0.06,200.0,,2.05,,1967.92,180.63,,03-27
1020,600196,复星医药,1.27,4.96,,13.02,,312449.95,11.36,10派3.8,03-27
1021,300027,华谊兄弟,0.3,3.45,,8.79,,82828.39,2.49,10派0.3,03-27
1022,603916,苏博特,0.57,-1.72,,10.87,,13378.89,0.64,,03-27
1023,300068,南都电源,0.47,-2.08,,6.38,,38088.66,15.65,10派2,03-27
1024,300185,通裕重工,0.07,40.0,,4.25,,21351.8,28.46,10派0.4,03-27
1025,300586,美联新材,0.57,-13.64,,9.63,,5456.92,15.33,,03-27
1026,002417,深南股份,0.03,-107.69,,2.22,,767.18,-107.28,,03-27
1027,000631,顺发恒业,0.31,93.75,,13.17,,76504.03,108.85,10派3.1,03-27
1028,600535,天士力,1.27,16.51,,15.24,,137654.22,17.01,10派4转4,03-27
1029,000919,金陵药业,0.27,-23.87,,5.34,,13712.65,-23.88,10派1.7,03-27
1030,603899,晨光文具,0.69,28.63,,24.45,,63404.1,28.63,,03-27
1031,002139,拓邦股份,0.32,-8.57,,11.5,,21001.93,45.55,10派1转5,03-27
1032,000099,中信海直,0.15,7.14,,3.15,,9098.33,5.88,10派0.15,03-27
1033,300322,硕贝德,0.14,-12.5,,9.55,,5777.98,-13.96,10派0.3,03-27
1034,600608,ST沪科,0.19,-371.43,,346.0,,6232.12,-361.89,,03-27
1035,300655,晶瑞股份,0.46,-10.64,,9.63,,3617.65,6.72,,03-27
1036,002007,华兰生物,0.88,5.18,,18.48,,82082.35,5.19,10派3,03-27
1037,002186,全聚德,0.44,-2.56,,9.27,,13599.6,-2.57,10派2.6,03-27
1038,600267,海正药业,0.01,-110.0,,0.2,,1356.62,-114.37,10派0.5,03-27
1039,000049,德赛电池,1.46,17.72,,23.63,,30053.56,17.72,10派2.5,03-27
1040,600306,商业城,0.46,-25.57,,76.21,,8240.33,-25.57,,03-27
1041,002616,长青集团,0.12,-73.62,,4.3,,8758.04,-46.31,,03-27
1042,600027,华电国际,0.04,-87.02,,1.02,,43012.7,-87.14,10派0.18,03-27
1043,300037,新宙邦,0.75,-46.04,,12.45,,28005.38,9.43,10派2,03-27
1044,000402,金融街,1.01,7.45,,10.56,,300641.23,7.2,10派3,03-27
1045,600419,天润乳业,0.96,26.32,,12.59,,9912.65,26.64,10派2.9转10,03-27
1046,300309,吉艾科技,0.44,-144.44,,13.89,,21226.47,-148.32,,03-27
1047,000731,四川美丰,0.26,-162.15,,6.12,,15560.33,-162.15,10派0.8,03-27
1048,600570,恒生电子,0.76,2433.33,,17.54,,47121.9,2476.18,10派2.9,03-27
1049,600597,光明乳业,0.5,8.7,,11.92,,61723.96,9.6,10派1.6,03-27
1050,603898,好莱客,1.15,33.72,,22.45,,34799.84,37.95,,03-27
1051,000756,新华制药,0.45,66.67,,9.7,,20959.19,71.42,10派0.5转3,03-26
1052,600377,宁沪高速,0.71,7.23,,16.06,,358786.19,7.23,10派4.4,03-26
1053,300237,美晨生态,0.76,38.18,,20.85,,60948.47,36.46,10派0.8转8,03-26
1054,002547,春兴精工,-0.32,-300.0,,-12.85,,-35914.06,-319.72,,03-26
1055,300173,智慧松德,0.11,-15.38,,4.04,,6718.4,-9.7,10派0.3,03-26
1056,603039,泛微网络,1.33,2.31,,16.44,,8697.06,33.35,,03-26
1057,600877,ST嘉陵,0.44,-197.99,,170.19,,30155.12,-197.97,,03-26
1058,603179,新泉股份,1.65,73.68,,22.52,,25016.53,120.07,,03-26
1059,600888,新疆众和,0.14,136.05,,3.65,,12060.13,206.97,10派0.5,03-26
1060,002703,浙江世宝,0.04,-79.4,,2.21,,3265.61,-48.56,,03-26
1061,601608,中信重工,0.01,-102.7,,0.44,,3132.2,-101.98,10派0.062,03-26
1062,300381,溢多利,0.2,-33.19,,4.19,,8042.43,-29.18,10派0.4,03-26
1063,002768,国恩股份,0.85,54.55,,22.23,,20306.43,55.11,,03-26
1064,600012,皖通高速,0.66,16.94,,12.12,,109134.31,16.94,10派2.3,03-26
1065,300701,森霸股份,0.92,17.95,,25.3,,6005.22,28.2,,03-26
1066,600801,华新水泥,1.39,363.33,,18.98,,207764.06,359.72,10派2.8,03-26
1067,600028,中国石化,0.42,10.18,6.01,7.14,1.58,5111900.0,10.13,10派4,03-26
1068,600192,长城电工,0.04,-25.74,,0.85,,1658.31,-25.69,10派0.06,03-26
1069,600206,有研新材,0.05,-16.67,,1.54,,4356.15,-9.05,,03-26
1070,603939,益丰药房,0.86,30.32,,10.23,,31350.36,40.03,10派3,03-26
1071,002232,启明信息,0.13,16.35,,5.03,,5317.93,16.32,10派0.5,03-24
1072,002466,天齐锂业,1.94,25.97,,35.71,,214503.88,41.86,10派2,03-24
1073,600548,深高速,0.65,22.01,,10.88,,142640.28,21.98,10派3,03-24
1074,002839,张家港行,0.43,2.38,,9.43,,76310.23,10.68,10派1,03-24
1075,600266,北京城建,0.93,1.09,,7.48,,145610.78,0.87,10派2.8,03-24
1076,601158,重庆水务,0.43,95.45,,15.09,,206691.88,93.51,10派3,03-24
1077,002372,伟星新材,0.83,-5.68,,28.19,,82128.57,22.45,10派6转3,03-24
1078,600449,宁夏建材,0.71,488.72,,7.72,,33730.5,485.09,10派2.2,03-24
1079,000666,经纬纺机,1.7,120.78,,16.59,,120020.51,120.4,10派2.1,03-24
1080,603508,思维列控,0.82,-29.91,,5.26,,13110.08,-29.86,10派3.125,03-24
1081,600233,圆通速递,0.51,-10.35,,16.56,,144269.33,5.16,10派1.1,03-24
1082,600268,国电南自,0.06,20.0,,1.97,,3743.38,18.79,10派0.3,03-24
1083,000905,厦门港务,0.2,-48.72,,4.13,,10865.62,-47.41,10派0.2,03-24
1084,600723,首商股份,0.54,20.49,,9.87,,35622.44,20.42,10派1.8,03-24
1085,300038,梅泰诺,1.51,165.28,,7.4,,48726.84,350.74,10派1.5转18,03-24
1086,601607,上海医药,1.31,10.15,,10.73,,352064.56,10.14,10派3.8,03-24
1087,600588,用友网络,0.27,92.86,3.99,6.71,0.99,38908.09,97.11,10派1.5转3,03-24
1088,601088,中国神华,2.26,98.25,15.16,14.67,4.78,4503700.0,98.3,10派9.1,03-24
1089,000550,江铃汽车,0.8,-47.71,,5.51,,69093.82,-47.58,10派3.2,03-24
1090,601633,长城汽车,0.55,-52.42,,10.48,,502729.8,-52.35,10派1.7,03-24
1091,603669,灵康药业,0.62,5.08,,13.07,,16100.54,4.6,,03-24
1092,002882,金龙羽,0.49,44.47,,17.76,,19022.36,61.22,,03-24
1093,600836,界龙实业,0.05,-388.24,,3.68,,3228.21,-393.92,10派0.15,03-24
1094,600975,新五丰,0.07,-76.67,,3.7,,4491.2,-77.16,10派1,03-24
1095,603777,来伊份,0.42,-39.13,,5.38,,10136.99,-24.42,,03-24
1096,002202,金风科技,0.84,-22.61,,15.04,,305465.69,1.72,10派2,03-24
1097,000918,嘉凯城,1.1,400.0,,48.82,,198774.96,398.39,,03-24
1098,600009,上海机场,1.91,30.82,,15.53,,368340.85,31.29,10派5.8,03-24
1099,002772,众兴菌业,0.39,-20.44,,6.02,,14227.31,-10.24,,03-24
1100,002865,钧达股份,0.61,-1.61,,9.09,,6744.26,20.97,,03-24
1101,600826,兰生股份,0.69,-65.5,,7.9,,28819.25,-65.71,10派2.1,03-24
1102,000513,丽珠集团,8.09,308.59,,51.17,,442868.46,464.63,10派20转3,03-24
1103,600462,九有股份,0.02,26.98,,2.9,,855.44,26.96,,03-24
1104,601969,海南矿业,0.02,-113.33,,0.94,,4553.84,-115.93,,03-24
1105,600531,豫光金铅,0.27,35.0,,9.28,,29118.54,65.05,10派0.81,03-24
1106,002839,张家港行,0.43,2.38,,9.43,,76310.23,10.68,10派1,03-24
1107,600266,北京城建,0.93,1.09,,7.48,,145610.78,0.87,10派2.8,03-24
1108,002232,启明信息,0.13,16.35,,5.03,,5317.93,16.32,10派0.5,03-24
1109,002466,天齐锂业,1.94,25.97,,35.71,,214503.88,41.86,10派2,03-24
1110,600548,深高速,0.65,22.01,,10.88,,142640.28,21.98,10派3,03-24
1111,000973,佛塑科技,0.11,-15.38,,4.87,,10568.33,-15.89,10派0.3,03-24
1112,601158,重庆水务,0.43,95.45,,15.09,,206691.88,93.51,10派3,03-24
1113,002372,伟星新材,0.83,-5.68,,28.19,,82128.57,22.45,10派6转3,03-24
1114,600449,宁夏建材,0.71,488.72,,7.72,,33730.5,485.09,10派2.2,03-24
1115,000666,经纬纺机,1.7,120.78,,16.59,,120020.51,120.4,10派2.1,03-24
1116,600560,金自天正,0.09,1.8,,2.75,,2020.67,1.78,10派0.28,03-24
1117,600036,招商银行,2.78,13.01,17.69,16.54,-0.22,7015000.0,13.0,10派8.4,03-24
1118,002357,富临运业,0.33,8.79,,9.79,,10319.42,8.79,10派1,03-24
1119,600714,金瑞矿业,0.04,-80.0,,2.05,,1221.59,-78.8,,03-24
1120,600188,兖州煤业,1.38,227.96,,14.0,,677061.8,227.94,10派4.8,03-24
1121,600265,ST景谷,-0.24,-192.31,,,,-3095.97,-191.84,,03-24
1122,600971,恒源煤电,1.1,2650.0,,17.56,,110474.91,3030.79,10派3.6,03-24
1123,600841,上柴股份,0.14,27.27,,3.42,,12229.05,24.97,10派0.43,03-24
1124,600398,海澜之家,0.74,5.71,,32.51,,332887.42,6.6,10派4.8,03-24
1125,601899,紫金矿业,0.16,77.78,,11.1,,350771.76,90.66,10派0.9,03-24
1126,000776,广发证券,1.13,7.62,,10.55,,859539.91,7.04,10派4,03-24
1127,600007,中国国贸,0.63,-7.35,,10.16,,63480.67,-7.51,10派3.2,03-24
1128,000951,中国重汽,1.34,116.13,,17.14,,89758.07,114.64,10派6.8,03-24
1129,002862,实丰文化,0.59,-11.94,,9.59,,4339.88,8.29,,03-24
1130,603716,塞力斯,1.32,-22.81,,10.57,,9384.74,36.17,,03-24
1131,600819,耀皮玻璃,0.05,-79.17,,1.59,,4794.75,-78.76,10派0.16,03-24
1132,300007,汉威科技,0.38,22.58,,8.2,,11032.09,21.73,10派0.45,03-24
1133,000400,许继电气,0.61,-29.36,,8.4,,61377.73,-29.36,10派0.2,03-24
1134,300256,星星科技,0.1,-55.93,,1.95,,6661.28,-54.39,,03-24
1135,000543,皖能电力,0.07,-86.0,,1.25,,13205.43,-85.15,10派0.1,03-24
1136,000628,高新发展,0.08,-17.02,,3.29,,2439.72,-16.92,,03-24
1137,603019,中科曙光,0.48,33.33,,10.24,,30882.27,37.71,,03-24
1138,600970,中材国际,0.56,93.1,,13.47,,97692.45,91.04,10派1.68,03-24
1139,002229,鸿博股份,0.02,-47.68,,0.65,,1076.02,-15.14,10派0.6,03-24
1140,601899,紫金矿业,0.16,77.78,,11.1,,350771.76,90.66,10派0.9,03-24
1141,000776,广发证券,1.13,7.62,,10.55,,859539.91,7.04,10派4,03-24
1142,300635,达安股份,0.41,-52.87,,9.91,,5167.84,-6.07,,03-23
1143,600030,中信证券,0.94,9.3,,7.82,,1143326.45,10.3,10派4,03-23
1144,600095,哈高科,0.06,36.15,,2.86,,2094.13,36.18,10派0.18,03-23
1145,603157,拉夏贝尔,0.98,-9.26,,13.59,,49852.7,-6.29,,03-23
1146,603595,东尼电子,2.03,138.82,,37.32,,17336.57,173.27,,03-23
1147,002108,沧州明珠,0.5,-36.72,,18.58,,54528.0,11.89,10派2转3,03-23
1148,300534,陇神戎发,0.06,-91.59,,2.42,,1711.22,-63.79,10派0.12,03-23
1149,002011,盾安环境,0.1,11.11,,2.09,,9228.73,11.17,,03-23
1150,603859,能科股份,0.34,-28.76,,5.82,,3814.82,-10.0,,03-23
1151,000715,中兴商业,0.3,-6.25,,6.78,,8457.69,-4.62,10派0.8,03-23
1152,600876,洛阳玻璃,0.04,78.08,,3.85,,2056.81,78.6,,03-23
1153,300188,美亚柏科,0.56,47.37,,13.56,,27171.63,48.78,10派2转6,03-23
1154,300304,云意电气,0.16,-68.63,,8.63,,14125.72,28.35,,03-23
1155,002584,西陇科学,0.15,-11.76,,5.24,,8984.57,-7.17,,03-23
1156,000812,陕西金叶,0.06,-23.18,,2.88,,2717.13,-22.2,10派0.3送1转4,03-23
1157,600052,浙江广厦,0.22,-46.34,,8.62,,18859.22,-47.24,,03-23
1158,600221,海航控股,0.18,-13.33,,5.91,,332294.7,5.89,10派0.18,03-23
1159,000828,东莞控股,0.85,6.97,,16.46,,88681.59,6.97,10派2.5,03-23
1160,300001,特锐德,0.28,12.0,,9.8,,27831.76,10.65,10派0.5,03-23
1161,600987,航民股份,0.9,5.88,,17.28,,57355.67,5.66,10派2.8,03-23
1162,000877,天山股份,0.3,165.43,,4.33,,26492.52,165.5,10派0.8,03-23
1163,002272,川润股份,0.02,-55.91,,0.55,,643.89,-55.74,,03-23
1164,000659,*ST中富,0.07,-115.56,,17.78,,9396.96,-116.39,,03-23
1165,600511,国药股份,1.55,35.56,,16.06,,114148.49,108.45,10派4.5,03-23
1166,002243,通产丽星,0.12,60.83,,2.85,,4224.33,60.75,10派0.5,03-23
1167,000810,创维数字,0.09,-81.25,,3.55,,9433.57,-80.61,,03-23
1168,002253,川大智胜,0.2,17.65,,3.52,,4544.48,16.85,10派1.2,03-23
1169,601628,中国人寿,1.13,71.21,11.35,10.49,7.11,3225300.0,68.63,10派4,03-23
1170,601857,中国石油,0.12,200.0,,1.9,,2279300.0,188.52,10派0.6074,03-23
1171,300024,机器人,0.28,5.24,,7.48,,43237.79,5.26,10派0.5,03-23
1172,600358,国旅联合,0.06,-119.57,,6.15,,3230.68,-119.81,,03-23
1173,600873,梅花生物,0.38,11.76,,13.14,,117360.68,12.66,10派3.3,03-23
1174,601600,中国铝业,0.09,350.0,,3.55,,137843.5,242.47,,03-23
1175,600585,海螺水泥,2.99,85.71,16.87,19.12,3.28,1585467.01,85.87,10派12,03-23
1176,600096,云天化,0.15,-105.95,,4.95,,20185.85,-106.01,,03-23
1177,600823,世茂股份,0.59,-25.32,,10.64,,222527.13,5.02,10派0.6,03-23
1178,600995,文山电力,0.33,0.0,,9.51,,15669.63,-1.68,10派1,03-23
1179,000062,深圳华强,0.57,-3.18,,10.17,,41226.95,-3.19,10派3.5,03-23
1180,000401,冀东水泥,0.08,110.26,,1.1,,11038.33,108.72,,03-23
1181,601619,嘉泽新能,0.09,15.12,,7.33,,16496.28,20.44,,03-23
1182,603288,海天味业,1.31,24.76,,31.12,,353143.69,24.21,10派8.5,03-23
1183,600719,大连热电,0.01,-75.3,,0.46,,335.68,-75.31,10派0.03,03-23
1184,000972,*ST中基,0.05,-115.17,,4.28,,3668.99,-114.44,,03-23
1185,300034,钢研高纳,0.14,-39.8,,4.38,,5819.21,-39.36,10派0.7,03-23
1186,600459,贵研铂业,0.46,43.75,,6.3,,11932.8,43.73,10派1.4转3,03-22
1187,000862,银星能源,-0.27,-1435.0,,-7.04,,-18861.37,-1809.98,,03-22
1188,000028,国药一致,2.47,-11.79,,11.91,,105779.19,-10.86,10派3,03-22
1189,002463,沪电股份,0.12,55.9,,5.97,,20351.77,55.95,10派0.5,03-22
1190,603688,石英股份,0.32,-11.11,,8.67,,10780.09,33.19,,03-22
1191,603881,数据港,0.56,12.0,,14.18,,11489.53,46.87,,03-22
1192,600210,紫江企业,0.37,147.3,,12.96,,55480.3,147.81,10派1.5,03-22
1193,600575,皖江物流,0.08,-33.33,,3.92,,31991.67,-32.33,,03-22
1194,000037,深南电A,0.03,-98.62,,0.82,,1590.42,-98.78,,03-22
1195,000421,南京公用,0.26,-22.87,,6.13,,14852.12,-22.89,10派0.5,03-22
1196,603003,龙宇燃油,0.13,28.04,,1.42,,5903.06,115.69,10派0.4,03-22
1197,000712,锦龙股份,0.22,-46.34,,5.24,,19428.32,-46.85,10派1,03-22
1198,000619,海螺型材,0.03,-88.1,,0.37,,903.15,-88.11,,03-22
1199,002226,江南化工,0.09,20.08,,2.26,,8174.56,33.33,10派0.65,03-22
1200,002463,沪电股份,0.12,55.9,,5.97,,20351.77,55.95,10派0.5,03-22
1201,603688,石英股份,0.32,-11.11,,8.67,,10780.09,33.19,10派1,03-22
1202,603881,数据港,0.56,12.0,,14.18,,11489.53,46.87,,03-22
1203,600210,紫江企业,0.37,147.3,,12.96,,55480.3,147.81,10派1.5,03-22
1204,600575,皖江物流,0.08,-33.33,,3.92,,31991.67,-32.33,,03-22
1205,000037,深南电A,0.03,-98.62,,0.82,,1590.42,-98.78,,03-22
1206,000421,南京公用,0.26,-22.87,,6.13,,14852.12,-22.89,10派0.5,03-22
1207,603003,龙宇燃油,0.13,28.04,,1.42,,5903.06,115.69,10派0.4,03-22
1208,000712,锦龙股份,0.22,-46.34,,5.24,,19428.32,-46.85,10派1,03-22
1209,000619,海螺型材,0.03,-88.1,,0.37,,903.15,-88.11,,03-22
1210,002226,江南化工,0.09,20.08,,2.26,,8174.56,33.33,10派0.65,03-22
1211,600420,现代制药,0.46,-52.61,,8.78,,51580.26,8.15,10派0.5,03-22
1212,600502,安徽水利,0.6,76.47,,12.45,,78133.97,155.64,10派0.5送2,03-22
1213,000557,西部创业,0.06,900.0,,2.19,,8699.48,943.17,,03-22
1214,002393,力生制药,0.64,1.59,,3.83,,11681.72,1.05,10派3,03-22
1215,601882,海天精工,0.2,51.29,,9.2,,10292.44,62.66,,03-22
1216,600736,苏州高新,0.48,84.62,,10.22,,60626.08,97.41,10派1.45,03-22
1217,300130,新国都,0.29,-51.67,,4.46,,7193.39,-48.26,10派1.5转8,03-22
1218,000856,冀东装备,0.07,-30.0,,5.18,,1554.18,-32.79,,03-22
1219,002662,京威股份,0.25,-70.59,,6.69,,31672.38,-50.16,10派2,03-22
1220,600508,上海能源,0.72,16.13,,5.95,,51890.11,14.89,10派2.2,03-21
1221,600683,京投发展,0.43,10.26,,14.29,,32174.7,10.77,10派2,03-21
1222,000537,广宇发展,1.29,92.54,,27.56,,217179.14,528.96,10派1.3,03-21
1223,300509,新美星,0.74,-8.64,,10.04,,5929.36,-0.5,,03-21
1224,600808,马钢股份,0.54,235.96,,18.92,,412893.99,235.99,10派1.65,03-21
1225,601069,西部黄金,0.03,-82.76,,1.29,,2181.0,-82.77,10派0.11,03-21
1226,600418,江淮汽车,0.23,-68.06,,3.12,,43189.18,-62.83,10派0.7,03-21
1227,000868,安凯客车,-0.33,-571.43,,-19.1,,-23015.27,-548.2,,03-21
1228,000416,民生控股,0.05,63.58,,3.12,,2721.38,63.52,10派0.5,03-21
1229,000565,渝三峡A,0.19,-63.46,,8.01,,8112.54,-63.7,10派0.2,03-21
1230,000911,南宁糖业,-0.6,-1100.0,,-12.88,,-19305.26,-1117.14,,03-21
1231,600053,九鼎投资,0.75,-48.43,,17.2,,32384.65,-48.43,,03-21
1232,601898,中煤能源,0.18,20.0,,2.76,,241442.6,19.14,10派0.55,03-21
1233,000897,津滨发展,-0.07,-353.61,,-9.63,,-11935.91,-353.65,,03-21
1234,600688,上海石化,0.57,3.09,2.61,20.84,0.66,614155.8,3.12,10派3,03-21
1235,600335,国机汽车,0.65,2.92,,9.29,,67046.19,9.22,10派1,03-21
1236,002449,国星光电,0.75,86.76,,11.9,,35913.39,86.74,10派3.2转3,03-21
1237,002667,鞍重股份,0.17,-200.0,,3.1,,2316.15,-199.74,10派0.24转7,03-21
1238,002728,特一药业,0.53,12.77,,11.4,,10634.28,12.2,,03-21
1239,603301,振德医疗,1.62,45.95,,24.43,2.43,12176.91,46.99,,03-21
1240,603969,银龙股份,0.3,-16.67,,7.42,,11825.21,-18.36,,03-21
1241,600299,安迪苏,0.49,-30.0,,10.51,,132331.58,-29.06,10派1.73,03-21
1242,600323,瀚蓝环境,0.85,28.79,,12.85,,65223.63,28.25,10派2,03-21
1243,601318,中国平安,4.99,42.57,25.89,20.72,6.8,8908800.0,42.78,10派10,03-21
1244,002404,嘉欣丝绸,0.21,10.53,,8.61,,11177.69,12.25,10派1.8,03-21
1245,000948,南天信息,0.09,6.2,,1.51,,2198.45,6.26,10派0.2,03-21
1246,603167,渤海轮渡,0.75,63.04,,11.67,,36267.19,63.04,10派4,03-21
1247,300052,中青宝,0.19,-200.0,,4.4,,5029.67,-201.14,10派0.2,03-21
1248,601336,新华保险,1.73,9.49,20.42,8.76,2.52,538300.0,8.92,10派5.2,03-21
1249,600315,上海家化,0.58,81.25,,7.16,,38980.19,80.45,10派1.8,03-21
1250,300436,广生堂,0.24,-49.24,,6.43,,3356.53,-49.46,,03-21
1251,600293,三峡新材,0.35,-5.52,,11.31,,40375.24,125.05,10派1.04,03-20
1252,300446,乐凯新材,0.85,-3.33,,19.77,,10437.88,-3.33,10派4,03-20
1253,600649,城投控股,0.66,1.54,,9.16,,175859.43,-16.05,10派2.5,03-20
1254,603368,柳州医药,2.17,-7.26,,12.04,,40138.0,25.04,10派6.6转4,03-20
1255,002796,世嘉科技,0.32,-52.94,,5.29,,2569.25,-47.15,,03-20
1256,002075,沙钢股份,0.32,219.0,,23.01,,70480.16,220.37,,03-20
1257,300178,腾邦国际,0.5,50.92,,13.77,,28373.13,59.14,10派0.47,03-20
1258,000807,云铝股份,0.25,400.0,,6.86,,65700.1,494.41,10派0.7,03-20
1259,601200,上海环境,0.72,9.12,,9.83,,50594.75,8.79,10派0.8,03-20
1260,002519,银河电子,0.16,-69.23,,5.0,,18728.66,-39.58,,03-20
1261,000850,华茂股份,0.11,10.0,,2.19,,10403.35,5.54,10派0.5,03-20
1262,002206,海利得,0.26,-51.85,,11.21,,31376.23,22.99,,03-20
1263,002301,齐心集团,0.33,17.86,,6.4,,14007.18,33.54,10派0.5转5,03-20
1264,600590,泰豪科技,0.38,100.0,,6.53,,25193.47,103.45,10派1.2送3,03-20
1265,603027,千禾味业,0.45,-32.64,,15.21,,14405.94,43.93,,03-20
1266,300563,神宇股份,0.5,-13.79,,9.18,,3976.02,10.45,,03-20
1267,600738,兰州民百,0.18,8.28,,8.42,,14344.61,129.74,10派1,03-20
1268,600114,东睦股份,0.72,56.52,,12.48,,30010.19,70.65,10派3转4.8,03-20
1269,603208,江山欧派,1.78,-1.11,,15.89,,13752.98,25.76,,03-20
1270,600814,杭州解百,0.25,-7.41,,7.96,,18026.3,-7.9,10派0.8,03-20
1271,600710,苏美达,0.27,35.0,,9.32,,35809.96,73.28,10派0.42,03-20
1272,002820,桂发祥,0.72,-22.58,,9.21,,9260.48,0.91,,03-20
1273,600898,国美通讯,0.05,-23.09,,3.29,,1244.67,-23.14,,03-20
1274,600322,天房发展,0.2,-158.03,,5.11,,21812.58,-157.89,,03-20
1275,002717,岭南股份,1.23,83.58,,17.51,,50928.2,95.27,10派1.75转13,03-20
1276,600845,宝信软件,0.54,26.57,,9.86,,42527.61,26.7,10派1.7,03-20
1277,600520,文一科技,0.05,-37.5,,1.84,,795.11,-35.62,,03-20
1278,603333,明星电缆,0.03,-120.0,,1.2,,1688.32,-121.76,10派0.1,03-20
1279,600176,中国巨石,0.74,17.78,,18.38,,214984.94,41.34,10派2.5转2,03-20
1280,300014,亿纬锂能,0.47,-20.34,,18.83,,40336.48,60.18,10派1,03-20
1281,600963,岳阳林纸,0.28,833.33,,5.16,,34773.83,1131.86,10派0.38,03-20
1282,300260,新莱应材,0.11,-9.69,,3.24,,2158.1,77.04,10派0.2,03-20
1283,300394,天孚通信,0.6,-8.51,,14.39,,11123.47,-8.51,,03-20
1284,603368,柳州医药,2.17,-7.26,,12.04,,40138.0,25.04,10派6.6转4,03-20
1285,002796,世嘉科技,0.32,-52.94,,5.29,,2569.25,-47.15,,03-20
1286,002075,沙钢股份,0.32,219.0,,23.01,,70480.16,220.37,,03-20
1287,600293,三峡新材,0.35,-5.52,,11.31,,40375.24,125.05,10派1.04,03-20
1288,300446,乐凯新材,0.85,-3.33,,19.77,,10437.88,-3.33,10派4,03-20
1289,600649,城投控股,0.66,1.54,,9.16,,175859.43,-16.05,10派2.5,03-20
1290,300178,腾邦国际,0.5,50.92,,13.77,,28373.13,59.14,10派0.47,03-20
1291,000807,云铝股份,0.25,400.0,,6.86,,65700.1,494.41,10派0.7,03-20
1292,002863,今飞凯达,0.3,-31.82,,7.69,,6087.65,-16.74,10派0.9转7,03-20
1293,600217,中再资环,0.16,42.96,,15.06,,21758.61,45.49,,03-20
1294,300046,台基股份,0.38,38.52,,6.55,,5338.78,38.51,10派2转5,03-20
1295,601200,上海环境,0.72,9.12,,9.83,,50594.75,8.79,10派0.8,03-20
1296,000629,*ST钒钛,0.1,-114.42,,22.34,,86328.2,-114.42,,03-20
1297,603345,安井食品,0.98,-10.09,,13.28,,20243.24,14.11,10派2.82,03-20
1298,600017,日照港,0.12,100.0,,3.51,,36887.56,109.3,10派0.2,03-20
1299,600761,安徽合力,0.55,-14.06,,9.26,,40791.15,3.09,10派5,03-20
1300,600136,当代明诚,0.26,4.0,,5.21,,12813.13,4.87,10派0.7,03-20
1301,002362,汉王科技,0.2,102.81,,5.47,,4325.49,102.89,,03-20
1302,600577,精达股份,0.18,63.64,,12.05,,35387.12,58.04,10派0.8,03-20
1303,603612,索通发展,2.66,442.86,,29.69,,54776.78,516.06,10派6.77,03-20
1304,600239,云南城投,0.16,-30.43,,5.44,,26401.44,8.14,10派0.5,03-20
1305,600982,宁波热电,0.13,14.32,,3.9,,9598.99,14.29,10派0.4,03-20
1306,601015,陕西黑猫,0.25,8.7,,6.93,,24762.81,14.84,10派0.2,03-20
1307,600655,豫园股份,0.49,46.25,,6.48,,70024.18,46.24,10派1.5,03-19
1308,300131,英唐智控,0.13,-31.58,,7.65,,14300.32,-29.01,10派0.3,03-19
1309,002870,香山股份,0.72,-42.4,,24.47,,7148.96,-31.34,,03-19
1310,600433,冠豪高新,0.04,-55.56,,2.09,,5279.02,-51.36,10派0.13,03-19
1311,002523,天桥起重,0.12,-7.69,,6.18,,11684.61,9.22,10派0.5转4,03-19
1312,603897,长城科技,1.33,49.44,5.96,25.05,0.53,17742.29,55.84,,03-19
1313,600787,中储股份,0.61,74.29,,13.35,,133778.06,74.32,10派0.61,03-17
1314,300383,光环新网,0.3,-40.0,,7.0,,43586.21,30.05,,03-17
1315,300453,三鑫医疗,0.27,17.39,,7.54,,4238.96,15.77,,03-17
1316,002179,中航光电,1.05,-13.73,,18.41,,82535.08,12.48,10派1.2,03-17
1317,000848,承德露露,0.42,-8.7,,21.52,,41359.79,-8.16,10派5,03-17
1318,600308,华泰股份,0.58,269.87,,9.86,,67368.16,270.08,10派1.74,03-17
1319,600372,中航电子,0.31,17.84,,8.57,,54243.95,17.82,10派0.6,03-17
1320,601996,丰林集团,0.13,-31.58,,6.56,,12021.93,35.53,10派0.6,03-17
1321,000922,*ST佳电,0.22,-127.59,,8.07,,12050.21,-127.6,,03-17
1322,300059,东方财富,0.15,-27.73,,4.86,,63690.16,-10.77,10派0.2转2,03-17
1323,002520,日发精机,0.1,42.86,,3.33,,5716.94,39.01,10派1,03-17
1324,600199,金种子酒,0.01,-66.67,,0.36,,818.98,-51.88,10派0.1,03-17
1325,300383,光环新网,0.3,-40.0,,7.0,,43586.21,30.05,,03-17
1326,600787,中储股份,0.61,74.29,,13.35,,133778.06,74.32,10派0.61,03-17
1327,300453,三鑫医疗,0.27,17.39,,7.54,,4238.96,15.77,,03-17
1328,002179,中航光电,1.05,-13.73,,18.41,,82535.08,12.48,10派1.2,03-17
1329,000848,承德露露,0.42,-8.7,,21.52,,41359.79,-8.16,10派5,03-17
1330,600308,华泰股份,0.58,269.87,,9.86,,67368.16,270.08,10派1.74,03-17
1331,600372,中航电子,0.31,17.84,,8.57,,54243.95,17.82,10派0.6,03-17
1332,300248,新开普,0.37,32.14,,9.57,,11967.12,41.04,10派0.6转5,03-17
1333,600316,洪都航空,0.04,177.92,,0.6,,3068.05,177.89,10派0.13,03-17
1334,002912,中新赛克,2.57,27.86,,20.09,,13233.12,31.59,,03-17
1335,600997,开滦股份,0.33,-5.71,,5.78,,51652.38,19.65,10派1.2,03-17
1336,300226,上海钢联,0.3,115.62,,9.13,,4817.8,117.95,,03-17
1337,000786,北新建材,1.31,65.32,,20.66,,234398.54,100.16,10派3.55,03-17
1338,600038,中直股份,0.77,3.69,,6.49,,45537.64,3.69,10派2.33,03-17
1339,600728,佳都科技,0.13,87.1,,6.95,,21250.09,96.88,10派0.31,03-17
1340,600099,林海股份,0.01,0.0,,0.41,,192.7,-0.36,,03-17
1341,300275,梅安森,0.26,-160.71,,8.14,,4201.91,-160.11,,03-16
1342,300365,恒华科技,1.07,50.7,,22.06,,19223.7,53.26,10派2转10,03-16
1343,600368,五洲交通,0.44,65.54,,11.57,,36771.08,65.52,10派1.5送3.5,03-16
1344,600618,氯碱化工,0.86,-402.57,,40.85,,99260.33,-402.54,10派0.35,03-16
1345,002801,微光股份,0.91,-53.09,,13.61,,10756.71,7.63,,03-16
1346,002891,中宠股份,0.88,-2.22,,16.37,,7367.38,9.51,,03-16
1347,603021,山东华鹏,0.08,-82.22,,1.96,,2636.47,-48.67,,03-16
1348,600569,安阳钢铁,0.67,1211.76,,28.4,,160078.15,1198.94,,03-16
1349,000952,广济药业,0.42,-25.89,,14.89,,10521.16,-25.82,10派1.1,03-16
1350,000990,诚志股份,0.65,122.41,,5.21,,80850.86,629.83,10派1.5,03-16
1351,603806,福斯特,1.46,-30.81,,12.03,,58519.2,-30.97,10派6转3,03-16
1352,600879,航天电子,0.2,-51.13,,4.88,,52490.91,9.73,,03-16
1353,600483,福能股份,0.54,-18.18,,8.21,,84353.43,-16.86,10派2,03-16
1354,002159,三特索道,0.04,-110.26,,0.67,,550.14,-110.2,,03-16
1355,600067,冠城大通,0.4,81.82,,8.47,,59516.4,85.11,10派1.2,03-16
1356,603801,志邦股份,1.67,12.92,,20.01,,23422.28,31.74,,03-16
1357,600211,西藏药业,1.37,0.37,,14.62,,22964.57,15.81,10派3.85,03-16
1358,300199,翰宇药业,0.36,9.09,,8.77,,32972.14,12.95,10派2,03-16
1359,000423,东阿阿胶,3.13,10.36,,22.46,,204435.25,10.36,10派9,03-16
1360,300428,四通新材,0.43,48.28,,15.77,,10477.93,49.86,,03-16
1361,002783,凯龙股份,0.55,-57.69,,8.44,,11501.32,5.73,10派2转6,03-16
1362,603900,莱绅通灵,0.92,-22.42,,14.35,,30920.71,39.67,,03-16
1363,002244,滨江集团,0.55,19.57,,12.64,,171141.46,22.35,10派0.83,03-16
1364,600332,白云山,1.27,17.95,11.61,11.34,,206165.19,36.71,10派3.81,03-16
1365,002524,光正集团,0.01,0.0,,0.73,,541.64,11.87,,03-16
1366,300398,飞凯材料,0.27,-58.46,,7.74,,8381.24,23.64,,03-16
1367,002737,葵花药业,1.45,39.42,,15.03,,42399.66,39.93,,03-16
1368,600050,中国联通,0.02,157.53,,0.49,,42584.47,176.39,10派0.204,03-16
1369,002782,可立克,0.13,-2.53,,6.99,,5742.14,-2.5,10派2,03-16
1370,600729,重庆百货,1.49,44.66,,12.56,,60543.08,44.59,10派6,03-16
1371,603579,荣泰健康,1.58,-59.9,,18.85,,21617.54,4.61,,03-16
1372,600828,茂业商业,0.6,82.1,,25.04,,103451.88,82.12,10派1.5,03-16
1373,600298,安琪酵母,1.03,58.32,,24.02,,84718.77,58.33,10派3.5,03-16
1374,002469,三维工程,0.11,450.0,,4.87,,5726.27,386.64,10派0.5,03-16
1375,000757,浩物股份,0.1,66.67,,7.9,,4709.52,78.93,,03-16
1376,300181,佐力药业,0.07,-41.67,,3.38,,4514.03,-37.32,10派0.2,03-16
1377,000063,中兴通讯,1.09,-291.23,7.55,15.74,1.72,456817.2,-293.78,10派3.3,03-16
1378,000695,滨海能源,0.04,150.86,,2.93,,974.84,151.03,,03-16
1379,000837,秦川机床,0.02,9.72,,0.58,,1645.5,9.93,,03-15
1380,300114,中航电测,0.22,-15.38,,9.3,,12944.55,25.63,10派0.5,03-15
1381,002389,南洋科技,0.43,152.94,,12.56,,18670.4,52.07,10派0.2,03-15
1382,002688,金河生物,0.17,-34.62,,7.2,,10842.39,-33.94,10派0.3,03-15
1383,000001,平安银行,1.3,-1.52,11.77,11.62,-6.92,2318900.0,2.61,10派1.36,03-15
1384,300416,苏试试验,0.49,13.95,,12.06,,6128.16,13.54,,03-15
1385,002568,百润股份,0.22,-237.5,,10.8,,18264.53,-224.23,,03-15
1386,001696,宗申动力,0.24,-6.41,,7.47,,27240.81,-6.43,10派0.3,03-15
1387,002419,天虹股份,0.9,38.08,,12.47,,71819.26,37.03,10派4.5转5,03-15
1388,300485,赛升药业,1.17,8.33,,12.79,,28160.41,8.98,,03-15
1389,603085,天成自控,0.31,-8.82,,7.36,,7012.12,99.09,,03-15
1390,002117,东港股份,0.64,6.33,,15.95,,23210.56,5.91,10派4,03-15
1391,000999,华润三九,1.33,9.02,,14.06,,130168.72,8.67,10派4.6,03-15
1392,600118,中国卫星,0.35,2.94,,8.16,,40960.05,3.0,10派1.1,03-15
1393,002125,湘潭电化,0.14,133.33,,4.38,,4717.15,112.1,,03-15
1394,600490,鹏欣资源,0.16,433.33,,5.61,,30122.94,484.99,,03-15
1395,300376,易事特,0.31,-65.43,,17.86,,71406.88,51.4,10派0.31,03-15
1396,300511,雪榕生物,0.61,-19.74,,9.1,,12240.52,16.79,,03-15
1397,002911,佛燃股份,0.69,2.99,,21.01,,34740.59,3.04,10派3,03-15
1398,000837,秦川机床,0.02,9.72,,0.58,,1645.5,9.93,,03-15
1399,600062,华润双鹤,0.97,-1.68,,11.91,,84261.25,17.98,10派0.97送2,03-15
1400,002521,齐峰新材,0.32,10.34,,4.74,,16051.14,13.09,10派2,03-15
1401,000915,山大华特,1.04,-5.45,,17.5,,24320.09,22.59,10派2.5,03-15
1402,600705,中航资本,0.31,19.23,,12.33,,278360.62,19.77,10派0.55,03-15
1403,300393,中来股份,1.44,56.52,,23.74,,25857.27,56.55,,03-15
1404,002879,长缆科技,1.03,-8.04,,11.92,,12095.45,4.98,,03-15
1405,300357,我武生物,1.15,43.75,,25.55,,18610.39,44.04,10派4转8,03-15
1406,000652,泰达股份,0.2,10.02,,8.14,,29809.93,10.05,10派0.35,03-15
1407,000043,中航地产,0.23,-6.69,,3.64,,15058.78,-6.69,10派1,03-15
1408,601155,新城控股,2.71,99.26,,34.18,,602890.77,99.68,10派8.1,03-15
1409,600367,红星发展,0.33,108.19,,8.55,,9547.36,108.19,10派0.33,03-15
1410,002571,德力股份,0.13,-182.48,,3.37,,5057.88,-182.5,,03-15
1411,000833,贵糖股份,0.12,100.0,,2.98,,7976.62,105.91,10派0.5,03-14
1412,002352,顺丰控股,1.12,5.66,,18.43,,477068.97,14.12,10派2.2,03-14
1413,600011,华能国际,0.11,-81.03,,2.47,,179315.1,-79.66,10派1,03-14
1414,600463,空港股份,0.05,-44.14,,1.13,,1572.52,-44.14,10派0.16,03-14
1415,300681,英搏尔,1.31,13.91,,27.17,,8429.54,28.94,,03-13
1416,000582,北部湾港,0.44,-7.61,,8.31,,54133.77,19.83,10派1.15,03-13
1417,002916,深南电路,2.13,62.6,,25.61,,44808.23,63.44,10派5.1,03-13
1418,601233,桐昆股份,1.42,37.86,,14.97,,176073.96,55.52,10派1.4转4,03-13
1419,601878,浙商证券,0.34,-17.07,,9.22,,106350.78,-14.29,10派1,03-13
1420,603609,禾丰牧业,0.57,11.76,,14.72,,47102.45,10.32,10派1,03-13
1421,000768,中航飞机,0.17,14.14,,3.03,,47140.17,14.1,10派0.85,03-13
1422,603214,爱婴室,1.25,26.26,4.99,27.29,1.44,9357.79,26.47,,03-13
1423,603536,惠发股份,0.58,23.4,,11.52,,6038.11,43.36,,03-13
1424,300003,乐普医疗,0.51,29.13,,15.17,,89908.53,32.36,10派1.27,03-13
1425,600309,万华化学,4.09,140.59,,50.66,,1113479.03,202.62,,03-13
1426,600523,贵航股份,0.67,11.67,,8.94,,19425.71,12.13,10派2.08转4,03-13
1427,600711,盛屯矿业,0.41,223.81,,14.2,,61033.41,223.67,10派1,03-13
1428,300313,天山生物,0.04,-105.56,,2.05,,744.43,-105.33,,03-13
1429,300656,民德电子,0.75,-26.86,,13.03,,4045.99,-12.63,,03-13
1430,603677,奇精机械,0.75,-48.98,,12.02,,10009.37,13.52,,03-13
1431,300302,同有科技,0.12,-61.29,,6.91,,5082.66,-60.53,10派0.2,03-13
1432,600179,安通控股,0.52,4.0,,20.29,,55236.61,37.65,10派1转4,03-13
1433,002233,塔牌集团,0.76,50.38,,13.36,,72097.7,58.73,10派3,03-13
1434,002426,胜利精密,0.14,20.41,,5.39,,46225.78,7.65,10派0.3,03-13
1435,603033,三维股份,0.45,-61.21,,5.14,,5711.51,-27.79,,03-13
1436,600581,八一钢铁,1.52,3075.0,,42.18,,116795.96,3047.86,10转10,03-13
1437,002931,锋龙股份,0.72,0.0,3.32,24.18,0.86,4781.09,12.35,,03-13
1438,000301,东方市场,0.19,57.02,,6.48,,22846.74,55.02,10派1,03-13
1439,000418,小天鹅A,2.38,27.96,,23.12,,150641.25,28.2,10派10,03-13
1440,002648,卫星石化,1.04,166.67,,18.33,,94245.68,202.49,10派0.88,03-13
1441,300715,凯伦股份,0.78,4.27,,22.24,,4457.02,10.77,,03-13
1442,002649,博彦科技,0.43,-39.14,,10.95,,21764.45,85.74,,03-12
1443,600765,中航重机,0.21,-32.26,,4.6,,16452.07,-32.15,10派0.2,03-12
1444,300584,海辰药业,0.84,11.67,,13.72,,6560.05,45.02,,03-12
1445,600338,西藏珠峰,1.71,71.26,,71.24,,111364.47,71.26,,03-10
1446,300557,理工光科,0.64,-35.35,,7.59,,3584.92,-17.73,10派2.5,03-10
1447,603303,得邦照明,0.55,-68.98,,15.47,,21008.91,-34.08,10派1.3,03-10
1448,002286,保龄宝,0.13,0.0,,3.27,,4962.19,0.57,10派0.9,03-10
1449,601137,博威合金,0.49,32.43,,9.49,,30555.11,66.65,10派1.5,03-10
1450,600197,伊力特,0.8,27.64,,17.44,,35334.2,27.65,10派2.5,03-10
1451,002379,宏创控股,0.04,178.43,,3.21,,3943.14,178.66,,03-10
1452,000910,大亚圣象,1.22,19.61,,20.59,,65918.83,21.82,10派1.2,03-10
1453,600207,安彩高科,0.01,-16.0,,0.48,,907.66,-4.87,,03-10
1454,000026,飞亚达A,0.32,26.72,,5.79,,14021.63,26.71,10派2,03-10
1455,600346,恒力股份,0.61,35.56,,26.71,,171933.05,45.73,,03-10
1456,000514,渝开发,0.1,-34.11,,2.73,,8079.67,-34.13,10派0.2,03-10
1457,600378,天科股份,0.2,122.22,,7.64,,5888.18,117.19,10派0.6,03-10
1458,002056,横店东磁,0.35,-35.19,,13.59,,57804.29,31.02,10派1,03-10
1459,000739,普洛药业,0.22,-4.35,,9.38,,25659.21,-2.4,10派0.65,03-10
1460,300545,联得装备,0.79,19.7,,11.63,,5652.25,47.07,,03-09
1461,603518,维格娜丝,1.28,88.24,,12.28,,18993.77,89.32,10派1.58,03-09
1462,002236,大华股份,0.82,30.16,,25.47,,237872.68,30.33,10派2,03-09
1463,603103,横店影视,0.8,-10.11,,26.18,,33054.01,-7.16,,03-09
1464,000779,三毛派神,0.43,503.69,,30.66,,7925.06,503.07,,03-09
1465,603138,海量数据,0.55,-22.28,,17.23,,5688.99,30.47,,03-09
1466,002680,长生生物,0.58,32.99,,15.43,,56627.71,33.28,,03-09
1467,300239,东宝生物,0.05,16.55,,3.1,,2241.66,16.59,10派0.3,03-09
1468,000799,酒鬼酒,0.54,62.18,,9.02,,17609.87,62.18,10派1.5,03-09
1469,600113,浙江东日,0.3,-3.23,,15.51,,9556.1,-3.88,10派0.91,03-09
1470,300559,佳发安泰,1.02,-6.22,,11.98,,7314.03,18.39,,03-09
1471,601678,滨化股份,0.7,133.33,,15.5,,82576.13,130.14,10派2.2转3,03-09
1472,600985,雷鸣科化,0.41,20.59,,7.93,,11889.24,32.01,10派1.2,03-09
1473,000795,英洛华,0.09,200.0,,5.08,,10274.93,197.13,,03-09
1474,603305,旭升股份,0.59,3.51,,28.05,,22211.87,9.09,,03-09
1475,002145,中核钛白,0.24,388.0,,13.98,,38854.9,362.06,10派0.2,03-09
1476,002877,智能自控,0.44,-12.0,,10.14,,4764.66,4.16,,03-08
1477,600071,凤凰光学,0.14,-128.57,,8.24,,3353.28,-129.06,,03-08
1478,600284,浦东建设,0.54,3.4,,6.9,,37135.67,3.41,10派1.8转4,03-08
1479,300450,先导智能,1.29,80.56,,34.16,,53750.0,84.93,,03-08
1480,603311,金海环境,0.38,11.76,,11.64,,8041.04,13.6,,03-08
1481,002014,永新股份,0.61,1.67,,12.16,,20548.32,1.37,10派4.5转5,03-08
1482,000708,大冶特钢,0.88,35.02,,10.23,,39490.07,34.93,10派3,03-08
1483,603926,铁流股份,1.02,-17.74,,12.41,,10917.73,-2.43,,03-08
1484,002391,长青股份,0.63,40.89,,7.63,,22789.82,40.12,10派3,03-08
1485,603903,中持股份,0.65,6.56,,9.88,,6219.19,33.03,,03-08
1486,002012,凯恩股份,0.07,250.0,,2.55,,3061.46,252.33,,03-07
1487,002812,创新股份,1.15,-24.34,,9.74,,15592.35,-5.72,10派11转10,03-07
1488,603977,国泰集团,0.31,-47.46,,7.08,,6861.3,-32.03,,03-07
1489,300505,川金诺,0.65,-2.23,,9.43,,6057.96,4.29,,03-07
1490,300041,回天新材,0.27,10.33,,6.43,,11036.91,13.74,10派5,03-07
1491,300459,金科文化,0.25,31.58,,7.63,,39393.35,92.16,,03-07
1492,000822,山东海化,0.77,-650.0,,27.54,,68518.87,-656.67,10派0.5,03-07
1493,000022,深赤湾A,0.78,-5.33,,10.45,,50449.51,-5.24,10派13.19,03-07
1494,600547,山东黄金,0.61,-20.78,,7.12,,113742.38,-12.02,10派0.4,03-07
1495,300286,安科瑞,0.67,17.54,,15.09,,9458.36,18.04,10派1转5,03-06
1496,000717,韶钢松山,1.04,2500.25,,146.69,,251654.74,2381.13,,03-06
1497,000782,美达股份,0.07,-146.67,,2.95,,3500.1,-142.94,10派0.4,03-06
1498,000802,北京文化,0.43,-50.45,,6.71,,31033.35,-40.59,10派0.41,03-06
1499,300634,彩讯股份,0.37,23.33,2.35,16.91,0.28,13166.83,44.54,,03-06
1500,002617,露笑科技,0.42,366.67,,12.81,,30838.94,376.18,,03-06
1501,603535,嘉诚国际,0.95,3.26,,12.27,,11881.43,14.32,,03-06
1502,002326,永太科技,0.22,-37.14,,7.15,,18223.61,-34.22,10派1,03-06
1503,002374,丽鹏股份,0.1,-50.0,,2.86,,9005.78,-42.12,,03-06
1504,002013,中航机电,0.24,-35.14,,7.37,,57900.84,-0.71,10派0.25转5,03-06
1505,002121,科陆电子,0.34,47.88,,10.96,,45866.18,68.75,10派0.35,03-06
1506,002092,中泰化学,1.12,17.97,,14.54,,240231.6,30.31,10派1.5,03-06
1507,300650,太龙照明,0.89,1.14,,13.57,,5143.93,23.73,,03-06
1508,601677,明泰铝业,0.73,23.73,,8.65,,35196.61,30.76,10派1,03-06
1509,300286,安科瑞,0.67,17.54,,15.09,,9458.36,18.04,,03-06
1510,000717,韶钢松山,1.04,2500.25,,146.69,,251654.74,2381.13,,03-06
1511,603018,中设集团,1.42,40.59,,15.99,,29665.67,41.35,10派4.2转4.8,03-05
1512,002745,木林森,1.27,32.29,,12.06,,66854.82,41.2,10派2.47,03-05
1513,600929,湖南盐业,0.21,15.07,2.35,9.21,0.23,15946.55,15.06,,03-05
1514,002930,宏川智慧,0.51,10.87,6.54,8.08,1.26,9264.07,10.33,,03-05
1515,600830,香溢融通,0.19,-20.17,,4.19,,8628.01,-20.14,,03-03
1516,000536,华映科技,0.07,-80.96,,1.57,,20498.49,-48.19,10派1,03-03
1517,601007,金陵饭店,0.35,148.2,,7.21,,10347.71,148.57,10派2.4,03-02
1518,603615,茶花股份,0.41,-19.61,,7.58,,9362.24,2.39,,03-02
1519,300102,乾照光电,0.3,328.57,,8.1,,21056.03,335.2,10派0.3,03-01
1520,002845,同兴达,0.77,-43.38,,17.52,,14921.54,52.81,,03-01
1521,000050,深天马A,0.58,41.83,,5.73,,80720.43,41.82,10派0.7,03-01
1522,300413,快乐购,0.18,5.88,,4.41,,7253.74,9.03,,03-01
1523,300301,长方集团,0.05,-154.77,,1.69,,3623.84,-157.76,,03-01
1524,002677,浙江美大,0.48,50.0,,25.73,,30519.21,50.6,,03-01
1525,300590,移为通信,0.62,-61.03,,13.79,,9693.85,1.75,,02-28
1526,002740,爱迪尔,0.18,-5.26,,4.23,,6034.07,4.4,,02-28
1527,300033,同花顺,1.35,-40.0,,24.68,,72565.38,-40.11,10派9,02-28
1528,300677,英科医疗,1.75,48.31,,18.88,,14508.41,68.19,,02-28
1529,000683,远兴能源,0.18,-212.5,,8.39,,71151.1,-238.76,10派0.2,02-28
1530,600793,宜宾纸业,0.88,2807.62,,92.96,,9246.47,2809.3,,02-28
1531,300414,中光防雷,0.23,-32.94,,4.85,,3849.59,-33.37,,02-28
1532,300016,北陆药业,0.36,620.0,,12.3,,11881.67,625.4,10派0.37,02-28
1533,300146,汤臣倍健,0.52,40.54,,15.8,,76625.56,43.17,10派3.3,02-28
1534,300700,岱勒新材,1.66,159.38,,32.98,,11134.73,183.33,,02-28
1535,002084,海鸥住工,0.18,-2.47,,7.24,,9195.89,8.22,10派1,02-28
1536,002349,精华制药,0.21,-46.88,,7.99,,17532.0,6.24,10派0.5,02-28
1537,000953,*ST河化,0.1,-120.78,,,,2946.24,-120.78,,02-28
1538,002138,顺络电子,0.44,-8.33,,10.64,,34127.4,-4.97,10派2,02-28
1539,002597,金禾实业,1.81,86.6,,35.84,,102226.85,85.37,10派6,02-28
1540,603826,坤彩科技,0.36,-11.22,,12.91,,11801.89,8.52,,02-28
1541,601005,重庆钢铁,0.04,-103.77,,,,32008.6,-106.83,,02-28
1542,603127,昭衍新药,1.12,33.33,,20.57,,7644.64,47.89,,02-28
1543,002162,悦心健康,0.02,18.0,,2.35,,2017.23,18.48,,02-28
1544,002341,新纶科技,0.34,155.32,,5.18,,17253.05,244.05,10派0.35转10,02-28
1545,600753,东方银星,0.15,640.0,,12.48,,1897.5,623.45,,02-28
1546,603730,岱美股份,1.53,24.39,,26.81,,58177.54,30.88,,02-28
1547,002262,恩华药业,0.39,-20.36,,17.38,,39463.43,27.41,10派0.5,02-28
1548,000803,*ST金宇,0.17,-135.27,,30.08,,2174.06,-135.27,,02-28
1549,000818,方大化工,0.37,125.2,,10.72,,25554.2,128.01,10派0.8,02-27
1550,002859,洁美科技,0.79,-54.86,,17.38,,19622.03,42.07,,02-27
1551,000420,吉林化纤,0.04,55.2,,3.12,,8559.41,163.33,,02-27
1552,002661,克明面业,0.34,-18.16,,5.45,,11267.52,-17.79,,02-27
1553,600844,丹化科技,0.26,-236.71,,13.38,,26608.38,-261.94,,02-26
1554,002240,威华股份,0.05,0.0,,1.84,,2626.16,12.2,,02-23
1555,600678,四川金顶,0.08,-202.22,,168.91,,2885.8,-202.16,,02-14
1556,600785,新华百货,0.47,67.86,,5.37,,10695.48,69.88,10派44.5,02-14
1557,603456,九洲药业,0.33,32.0,,5.65,,14760.53,32.4,10派2转8,02-14
1558,600556,ST慧球,0.01,-114.29,,4.0,,316.9,-112.02,,02-14
1559,600168,武汉控股,0.46,9.52,,7.0,,32794.86,9.07,10派1.39,02-14
1560,600058,五矿发展,0.03,19.26,,0.69,,3451.21,19.19,,02-14
1561,600675,中华企业,0.2,-44.16,,10.68,,36677.23,-44.04,,02-14
1562,600190,锦州港,0.07,157.82,,2.4,,14309.91,157.82,10派0.22,02-14
1563,600226,瀚叶股份,0.12,-45.45,,7.39,,26122.28,10.87,10转3,02-14
1564,002382,蓝帆医疗,0.41,10.81,,14.87,,20086.43,10.93,10派2,02-14
1565,600353,旭光股份,0.05,-36.7,,2.58,,2757.71,-36.71,10派0.16,02-14
1566,002245,澳洋顺昌,0.36,71.37,,16.27,,35441.81,72.36,10派0.4,02-13
1567,000737,*ST南风,-0.77,-2106.28,,,,-42058.17,-2108.29,,02-13
1568,603626,科森科技,0.78,-35.0,,15.18,,22240.38,17.74,,02-13
1569,000838,财信发展,0.18,75.96,,11.22,,19579.02,75.9,10派0.36,02-13
1570,002459,天业通联,0.06,20.0,,1.78,,2216.8,10.22,,02-13
1571,300618,寒锐钴业,3.91,428.38,,52.67,,44940.48,575.04,,02-13
1572,300204,舒泰神,0.55,1.85,,12.87,,26302.68,2.24,,02-13
1573,600282,南钢股份,0.79,779.73,,36.8,,320034.94,804.73,10派0.5,02-13
1574,603077,和邦生物,0.06,-33.33,,4.83,,51753.99,62.85,,02-13
1575,002644,佛慈制药,0.15,21.63,,5.58,,7409.28,21.61,10派0.13,02-13
1576,000932,华菱钢铁,1.37,-490.54,,49.69,,412091.95,-490.55,,02-13
1577,600516,方大炭素,2.11,5175.0,,46.62,,362041.86,5267.65,10派19,02-13
1578,300161,华中数控,0.19,137.75,,2.91,,3287.0,146.8,10派0.2,02-12
1579,300495,美尚生态,0.48,-53.43,,10.38,,28411.7,35.95,,02-12
1580,603225,新凤鸣,2.6,87.05,,29.04,,149659.49,104.57,10派2.6转4,02-12
1581,600423,*ST柳化,0.15,-107.35,,982.14,,6155.15,-107.54,,02-10
1582,600664,哈药股份,0.16,-50.0,,5.6,,40697.59,-48.36,10派5,02-10
1583,600219,南山铝业,0.17,21.43,,5.01,,161135.51,22.75,10派0.6,02-10
1584,600077,宋都股份,0.12,-180.0,,4.25,,15567.56,-178.04,10派0.15,02-10
1585,600360,华微电子,0.13,116.67,,4.59,,9485.38,133.52,10派0.2,02-10
1586,600722,金牛化工,0.05,32.81,,3.83,,3443.55,32.87,,02-10
1587,300193,佳士科技,0.29,41.19,,6.54,,14377.09,42.34,10派0.5,02-10
1588,603078,江化微,0.95,-37.71,,9.09,,5367.79,-22.14,,02-10
1589,000888,峨眉山A,0.37,2.81,,9.27,,19660.58,2.83,10派1,02-10
1590,002714,牧原股份,2.12,-5.78,,28.12,,236552.94,1.88,,02-10
1591,600301,ST南化,-0.14,-639.45,,-12.85,,-3247.99,-640.05,,02-10
1592,300476,胜宏科技,0.72,16.13,,14.67,,28181.86,21.44,,02-09
1593,000661,长春高新,3.89,26.3,,15.99,,66194.88,36.53,10派8,02-09
1594,600507,方大特钢,1.92,284.0,,67.67,,253952.66,281.4,10派16,02-09
1595,600527,江南高纤,0.09,200.0,,4.09,,7005.57,155.22,10派1.5转5,02-08
1596,600733,SST前锋,0.04,-123.08,,4.09,,772.2,-123.12,10送4转20,02-08
1597,600816,安信信托,0.8,-53.05,,25.23,,366821.23,20.91,10派5转2,02-08
1598,600961,株冶集团,0.11,175.0,,30.36,,5544.96,168.01,,02-07
1599,300474,景嘉微,0.44,-6.38,,12.47,,11882.94,12.86,,02-07
1600,603059,倍加洁,1.44,27.43,5.68,28.84,1.71,8656.42,27.64,,02-07
1601,002837,英维克,0.43,-64.17,,13.5,,8560.67,19.22,,02-06
1602,002928,华夏航空,1.04,8.33,3.19,38.5,1.9,37423.07,8.23,,02-06
1603,300451,创业软件,0.7,125.81,,8.74,,16324.42,159.1,10派1转10,02-06
1604,300483,沃施股份,0.09,-62.5,,1.33,,581.44,-60.62,,02-06
1605,002741,光华科技,0.25,37.5,,9.97,,9261.95,46.59,,02-06
1606,300741,华宝股份,2.07,-15.85,10.11,22.29,2.6,114805.11,-9.13,,02-05
1607,002929,润建通信,1.45,31.82,,22.46,-1.14,23940.0,33.88,,02-05
1608,601360,三六零,0.17,-57.38,,4.05,,6811.74,-57.28,,02-02
1609,002258,利尔化学,0.77,92.5,,18.11,,40196.73,92.93,,02-01
1610,000613,大东海A,0.01,-208.22,,3.78,,285.9,-207.44,,02-01
1611,000410,沈阳机床,0.15,-108.2,,16.41,,11775.16,-108.39,,01-31
1612,002189,利达光电,0.11,22.22,,3.99,,2175.51,25.59,10派0.25,01-31
1613,600696,ST匹凸,0.05,-103.7,,6.76,,1803.47,-103.92,,01-31
1614,600829,人民同泰,0.44,13.22,,16.32,,25419.6,13.22,10派5,01-30
1615,300320,海达股份,0.27,-6.08,,15.91,,14028.01,69.05,,01-30
1616,002793,东音股份,0.58,-46.79,,16.17,,11585.17,15.43,,01-30
1617,603707,健友股份,0.81,14.52,,19.07,,31422.24,22.15,,01-27
1618,300644,南京聚隆,1.18,-29.83,8.83,13.85,0.08,5643.31,-28.26,,01-24
1619,603618,杭电股份,0.15,-28.57,,4.65,,10034.2,-26.2,,01-23
1620,300740,御家汇,1.32,112.9,4.5,34.43,1.45,15849.42,114.85,10派4转7,01-22
1621,300536,农尚环境,0.31,-53.73,,10.21,,5189.04,1.9,10派0.7,01-19
